"posterior","tree"
1,"I(((V7)&((V12)))&((V20)))"
0.999999999999999,"I(V37)"
0.999999999999999,"I((V2)&((V9)))"
0.999999999999998,"I((V10)&(((V17)&(((V30)&((V4)))))))"
0.94129289593864,"I((V2)|((((V7)&((V12)))&((V20)))))"
0.0613793167108732,"I(V17)"
0.0608059167234075,"I(V2)"
0.0537795764328324,"I((((V10)&(((V17)&((V4)))))))"
