"posterior","tree"
0.997889978383901,"I(((V4))&(1-(V1)))"
0.667032836323003,"I(V9)"
0.666102672081707,"I(V5)"
0.665628701522145,"I(((V8))&((V11)))"
0.337166811326096,"I(V8)"
0.335772977775458,"I(V11)"
0.334370188286905,"I(((V5))&((V9)))"
