"posterior","tree"
0.998600401117137,"I((1-(V1))&((V4)))"
0.665179746089527,"I(V11)"
0.664474908078586,"I(V8)"
0.663766772426559,"I(((V5))&((V9)))"
0.338332003983257,"I(V9)"
0.338328400598276,"I(V5)"
0.336233227573439,"I(((V11))&((((V8)))))"
