"posterior","tree"
0.907682937685376,"I(((V5))&((V9)))"
0.889328808298906,"I((1-(V1))&((V4)))"
0.524163994195616,"I(((V8))&((V11)))"
0.477744327257109,"I(V8)"
0.47699237458306,"I(V11)"
0.112863416045939,"I(V4)"
0.111518956038056,"I(V1)"
0.0953674421137462,"I(V5)"
0.0948138234460669,"I(V9)"
