"posterior","tree"
0.931970046914472,"I(((V5))&((V9)))"
0.931019768804218,"I((1-(V1))&((V4)))"
0.607591568101523,"I(((V11))&((V8)))"
0.394725344421346,"I(V11)"
0.393570493174287,"I(V8)"
0.0708242528164098,"I(V4)"
0.070439883098405,"I(V1)"
0.070054924611969,"I(V9)"
0.0698705974331997,"I(V5)"
