"posterior","tree"
0.998011336856612,"I(((V11))&((V8)))"
0.750339528272733,"I(V5)"
0.749798865489007,"I(V9)"
0.748577768566152,"I((1-(V1))&((V4)))"
0.25449258739897,"I(V4)"
0.250714280527853,"I(((V5))&((V9)))"
0.250337846699437,"I(V1)"
