"posterior","tree"
0.993731977482771,"I((1-(V1))&((V4)))"
0.668928356612651,"I(((V5))&((V9)))"
0.667215271303916,"I(V11)"
0.666867608301727,"I(V8)"
0.333533874650433,"I(V9)"
0.333487317990345,"I(((V11))&((V8)))"
0.328317090801441,"I(V5)"
