"posterior","tree"
0.869053064790453,"I(((V5))&((V9)))"
0.843289574182039,"I((1-(V1))&((V4)))"
0.745989136225429,"I(((V11))&((V8)))"
0.25578472609591,"I(V8)"
0.255769626027958,"I(V11)"
0.159193705756314,"I(V1)"
0.158766263007357,"I(V4)"
0.133386223024558,"I(V5)"
0.132877269551626,"I(V9)"
