"posterior","tree"
0.895564500148089,"I(((V5))&((V9)))"
0.817594216690106,"I((1-(V1))&((V4)))"
0.640699687046041,"I(((V8))&((V11)))"
0.36181679159255,"I(V8)"
0.35913470916804,"I(V11)"
0.18513176072073,"I(V4)"
0.182876131134402,"I(V1)"
0.107213644445511,"I(V9)"
0.106759808638938,"I(V5)"
