"posterior","tree"
0.999999999999993,"I(((V4))&(1-(V1)))"
0.501594293724227,"I(V5)"
0.501594260398134,"I(V9)"
0.501562509685739,"I(V11)"
0.500542603992149,"I(((V8))&((V11)))"
0.500512518549027,"I(V8)"
0.499457396007844,"I(((V5))&((V9)))"
