"posterior","tree"
0.999001260598303,"I(V8)"
0.9970041517414,"I(((V5))&((V9)))"
0.996904085596018,"I((1-(V1))&((V4)))"
0.990886579418596,"I(V11)"
