"posterior","tree"
0.935163258200022,"I((1-(V1))&((V4)))"
0.868870652107565,"I(((V5))&((V9)))"
0.637550992709483,"I(((V8))&((V11)))"
0.363681847770641,"I(V8)"
0.363681605440245,"I(V11)"
0.134350903367474,"I(V9)"
0.132642295656934,"I(V5)"
0.0671155177260866,"I(V4)"
0.0668803743696616,"I(V1)"
