"posterior","tree"
0.915234907386447,"I((1-(V1))&((V4)))"
0.911442896789246,"I(((V5))&((V9)))"
0.53122921815412,"I(V8)"
0.530628908711138,"I(V11)"
0.470281671235072,"I(((V11))&((V8)))"
0.0919271252182786,"I(V9)"
0.0907096029513623,"I(V5)"
0.08784838988078,"I(V4)"
0.0867542265354408,"I(V1)"
