"posterior","tree"
0.990408220906998,"I((1-(V1))&((V4)))"
0.66420648847383,"I(((V5))&((V9)))"
0.661193331730058,"I(V11)"
0.660489989745891,"I(V8)"
0.340226696632641,"I(((V8))&((V11)))"
0.337890006487532,"I(V9)"
0.334147614621146,"I(V5)"
