"posterior","tree"
0.924697380522748,"I(((V5))&((V9)))"
0.83676778584631,"I((1-(V1))&((V4)))"
0.749192748607013,"I(((V8))&((V11)))"
0.253513818498103,"I(V8)"
0.252261040211637,"I(V11)"
0.164867599567159,"I(V4)"
0.164445040361877,"I(V1)"
0.0773112630545107,"I(V9)"
0.077123631502559,"I(V5)"
