"posterior","tree"
0.91119325748229,"I((1-(V1))&((V4)))"
0.828851128636612,"I(((V8))&((V11)))"
0.575623093679831,"I(((V9))&((V5)))"
0.426637950822546,"I(V9)"
0.426314654618111,"I(V5)"
0.174144050678219,"I(V11)"
0.173051533413009,"I(V8)"
0.0915609294217139,"I(V1)"
0.0908094787164015,"I(V4)"
