"posterior","tree"
0.87285619218219,"I((1-(V1))&((V4)))"
0.832197314012057,"I(((V5))&((V9)))"
0.730611135526485,"I(((V8))&((V11)))"
0.270815216651879,"I(V11)"
0.270711133915767,"I(V8)"
0.169658627172955,"I(V9)"
0.169444121468413,"I(V5)"
0.128873516876428,"I(V4)"
0.127664407362284,"I(V1)"
