"posterior","tree"
0.90703731325474,"I(((V11))&((V8)))"
0.906306412366501,"I(((V5))&((V9)))"
0.819957282836687,"I(((V4))&(1-(V1)))"
0.183178008215731,"I(V4)"
0.181253201310561,"I(V1)"
0.0954488109545144,"I(V9)"
0.0954449625835713,"I(V5)"
0.0947202944304556,"I(V8)"
0.0947146726501131,"I(V11)"
