"posterior","tree"
0.846620968569764,"I((1-(V1))&((V4)))"
0.77131104522449,"I(((V11))&((V8)))"
0.683109942162598,"I(((V5))&((V9)))"
0.319325439101809,"I(V9)"
0.319182286191757,"I(V5)"
0.230994637998517,"I(V8)"
0.230374889344761,"I(V11)"
0.155373045896625,"I(V4)"
0.155343292328747,"I(V1)"
