"posterior","tree"
1,"I(V8)"
0.999999999999998,"I(V11)"
0.999999999999983,"I(((V4))&(1-(V1)))"
0.999300677303798,"I(((V9))&((V5)))"
