"posterior","tree"
0.844650152148123,"I(((V11))&((V8)))"
0.81479581720415,"I(((V4))&(1-(V1)))"
0.79793232101591,"I(((V5))&((V9)))"
0.205082680245672,"I(V9)"
0.204280953864719,"I(V5)"
0.187880098322189,"I(V1)"
0.18680596636134,"I(V4)"
0.157744314383055,"I(V8)"
0.155078238105587,"I(V11)"
