"posterior","tree"
0.938505086796436,"I((1-(V1))&((V4)))"
0.807037287806733,"I(((V5))&((V9)))"
0.651269510241988,"I(((V11))&((V8)))"
0.351261542750355,"I(V8)"
0.349879395860202,"I(V11)"
0.195805056622015,"I(V5)"
0.194891741989278,"I(V9)"
0.0636528259521359,"I(V1)"
0.0632088993119803,"I(V4)"
