"posterior","tree"
0.901327607395697,"I((1-(V1))&((V4)))"
0.797621119964525,"I(((V5))&((V9)))"
0.589258768422802,"I(((V11))&((V8)))"
0.412737539282307,"I(V8)"
0.410113924417656,"I(V11)"
0.205087559434138,"I(V5)"
0.204238581027792,"I(V9)"
0.101247544620527,"I(V4)"
0.0998542885078603,"I(V1)"
