"posterior","tree"
0.943319558867523,"I(((V5))&((V9)))"
0.810959840494754,"I((1-(V1))&((V4)))"
0.61503786780544,"I(((V8))&((V11)))"
0.387358300685973,"I(V11)"
0.387012909748299,"I(V8)"
0.191175623573888,"I(V1)"
0.190833161404253,"I(V4)"
0.0589535650037191,"I(V5)"
0.0585781405521768,"I(V9)"
