"posterior","tree"
0.936135059242441,"I((1-(V1))&((V4)))"
0.763054710405888,"I(((V8))&((V11)))"
0.737997075291921,"I(((V9))&((V5)))"
0.26488599252555,"I(V9)"
0.26445027515186,"I(V5)"
0.239930387109691,"I(V11)"
0.238439025483592,"I(V8)"
0.0659445666023782,"I(V4)"
0.0652433518644288,"I(V1)"
