"posterior","tree"
0.941001130099607,"I(((V8))&((V11)))"
0.857016097739278,"I((1-(V1))&((V4)))"
0.591081189483045,"I(((V5))&((V9)))"
0.410852155927313,"I(V9)"
0.409107815555464,"I(V5)"
0.144691410580684,"I(V4)"
0.144239174562152,"I(V1)"
0.0614213942386462,"I(V11)"
0.0608881664560418,"I(V8)"
