"posterior","tree"
0.946816732030737,"I(((V5))&((V9)))"
0.823218168614565,"I((1-(V1))&((V4)))"
0.585584979044814,"I(((V11))&((V8)))"
0.416540146054333,"I(V11)"
0.415559464269145,"I(V8)"
0.179413505824976,"I(V4)"
0.176942691933977,"I(V1)"
0.0555758925644003,"I(V9)"
0.0552509717171118,"I(V5)"
