"posterior","tree"
0.897490999847295,"I(((V5))&((V9)))"
0.856369888415963,"I((1-(V1))&((V4)))"
0.772208833585118,"I(((V8))&((V11)))"
0.229286706541822,"I(V8)"
0.229286416918583,"I(V11)"
0.146585180104388,"I(V1)"
0.145843801062862,"I(V4)"
0.104675377419133,"I(V5)"
0.104266683924444,"I(V9)"
