"posterior","tree"
0.806742870953766,"I(((V5))&((V9)))"
0.803209323283375,"I((1-(V1))&((V4)))"
0.740327387719614,"I(((V8))&((V11)))"
0.262322869494956,"I(V8)"
0.261144817134524,"I(V11)"
0.199639694396635,"I(V1)"
0.199469632913588,"I(V4)"
0.195826477195699,"I(V9)"
0.195003898659484,"I(V5)"
