"posterior","tree"
0.830359699011124,"I(((V5))&((V9)))"
0.671868885759868,"I((1-(V1))&((V4)))"
0.505378892424744,"I(V8)"
0.504338549372222,"I(V11)"
0.49670873753538,"I(((V8))&((V11)))"
0.330248658222097,"I(V4)"
0.329544631600682,"I(V1)"
0.172444197574377,"I(V9)"
0.171732256478477,"I(V5)"
