"posterior","tree"
0.878539776840674,"I(((V5))&((V9)))"
0.773497515930752,"I((1-(V1))&((V4)))"
0.758990662104105,"I(((V11))&((V8)))"
0.243994664440246,"I(V11)"
0.242504068007543,"I(V8)"
0.228817429066317,"I(V1)"
0.228273676683244,"I(V4)"
0.124574306468176,"I(V9)"
0.123207371225556,"I(V5)"
