"posterior","tree"
0.998181388092496,"I(((V11))&((V8)))"
0.75943980776442,"I(V9)"
0.757668577059531,"I(((V4))&(1-(V1)))"
0.752656157700562,"I(V5)"
0.243926856849898,"I(V4)"
0.242892830024293,"I(V1)"
0.241573633735911,"I(((V9))&((V5)))"
