"posterior","tree"
0.872823316981879,"I((1-(V1))&((V4)))"
0.867905502983048,"I(((V5))&((V9)))"
0.788698698782205,"I(((V8))&((V11)))"
0.214247040014139,"I(V11)"
0.212940061160374,"I(V8)"
0.133789485696406,"I(V9)"
0.133712262244117,"I(V5)"
0.128882701678271,"I(V4)"
0.128234276547438,"I(V1)"
