"posterior","tree"
0.938660521622819,"I((1-(V1))&((V4)))"
0.790641102557626,"I(((V5))&((V9)))"
0.67058484544818,"I(((V11))&((V8)))"
0.3307347301604,"I(V11)"
0.329291508282468,"I(V8)"
0.212092035047218,"I(V9)"
0.210925196826302,"I(V5)"
0.0634096563215012,"I(V4)"
0.0632677901913586,"I(V1)"
