"posterior","tree"
0.999999999999999,"I(V11)"
0.999208783631434,"I(((V5))&((V9)))"
0.996450436890907,"I(((V4))&(1-(V1)))"
0.993156804848653,"I(V8)"
