"posterior","tree"
0.994129761787792,"I((1-(V1))&((V4)))"
0.752218136778751,"I(((V5))&((V9)))"
0.749694921736488,"I(V8)"
0.744481358698407,"I(V11)"
0.251297109908784,"I(((V11))&((V8)))"
0.249380396046962,"I(V9)"
0.249018129004076,"I(V5)"
