"posterior","tree"
0.939721089420105,"I((1-(V1))&((V4)))"
0.840968558949364,"I(((V5))&((V9)))"
0.632130870104681,"I(((V11))&((V8)))"
0.370317206565151,"I(V11)"
0.368922288126498,"I(V8)"
0.161520822298825,"I(V9)"
0.161426244713812,"I(V5)"
0.0622507123285114,"I(V4)"
0.0621267132106176,"I(V1)"
