"posterior","tree"
0.935074899936347,"I((1-(V1))&((V4)))"
0.83571970288853,"I(((V5))&((V9)))"
0.672133004169295,"I(((V8))&((V11)))"
0.329172137636157,"I(V8)"
0.328561334173559,"I(V11)"
0.166128606248472,"I(V5)"
0.165932286501882,"I(V9)"
0.0671505083199969,"I(V1)"
0.066783428327992,"I(V4)"
