"posterior","tree"
0.898087111787574,"I((1-(V1))&((V4)))"
0.859765874169098,"I(((V5))&((V9)))"
0.714896713476109,"I(((V11))&((V8)))"
0.287175575218499,"I(V8)"
0.286824267980017,"I(V11)"
0.143047313046835,"I(V5)"
0.140833318016044,"I(V9)"
0.104236156823485,"I(V4)"
0.103750927988072,"I(V1)"
