"posterior","tree"
0.881999523072386,"I((1-(V1))&((V4)))"
0.879561703352179,"I(((V5))&((V9)))"
0.653059873604909,"I(((V11))&((V8)))"
0.349479311491042,"I(V11)"
0.348170053836478,"I(V8)"
0.123459425144431,"I(V9)"
0.12242744228385,"I(V5)"
0.121263650687778,"I(V4)"
0.119519362660506,"I(V1)"
