"posterior","tree"
0.904645249097321,"I((1-(V1))&((V4)))"
0.818574497602664,"I(((V5))&((V9)))"
0.607747646781354,"I(((V8))&((V11)))"
0.39392350993243,"I(V8)"
0.391692640830807,"I(V11)"
0.183902938911297,"I(V5)"
0.183832097393627,"I(V9)"
0.0979947630896487,"I(V4)"
0.0977806775146337,"I(V1)"
