"posterior","tree"
0.922561609193612,"I(((V11))&((V8)))"
0.841353243135906,"I(((V5))&((V9)))"
0.770752177993725,"I(((V4))&(1-(V1)))"
0.233689175207337,"I(V4)"
0.230097411023087,"I(V1)"
0.161910493962655,"I(V9)"
0.160078509109771,"I(V5)"
0.0792574727805177,"I(V11)"
0.0792525185569219,"I(V8)"
