"posterior","tree"
0.888289613490991,"I((1-(V1))&((V4)))"
0.834370073547264,"I(((V11))&((V8)))"
0.797823912339924,"I(((V5))&((V9)))"
0.204531197644698,"I(V5)"
0.204477262133146,"I(V9)"
0.168160878605122,"I(V8)"
0.167598209843475,"I(V11)"
0.113923626771612,"I(V4)"
0.113735370952924,"I(V1)"
