"posterior","tree"
0.993968573238244,"I((1-(V1))&((V4)))"
0.503256391422809,"I(((V5))&((V9)))"
0.500885981987998,"I(((V11))&((V8)))"
0.500702636551532,"I(V8)"
0.499943412039351,"I(V11)"
0.497813638726539,"I(V9)"
0.495984446281895,"I(V5)"
