"posterior","tree"
0.885071371795084,"I((1-(V1))&((V4)))"
0.861115965858788,"I(((V11))&((V8)))"
0.747688752261036,"I(((V5))&((V9)))"
0.255534206841882,"I(V9)"
0.254276369134195,"I(V5)"
0.14118577162795,"I(V8)"
0.140575135244421,"I(V11)"
0.117658471734,"I(V4)"
0.116754689561115,"I(V1)"
