"posterior","tree"
0.817661850784764,"I((1-(V1))&((V4)))"
0.795908430893577,"I(((V5))&((V9)))"
0.731124276208241,"I(((V8))&((V11)))"
0.271603313400732,"I(V11)"
0.270223448814009,"I(V8)"
0.207089011482688,"I(V9)"
0.206886116847623,"I(V5)"
0.185497230079905,"I(V4)"
0.183772122434353,"I(V1)"
