"posterior","tree"
0.997866442402769,"I((1-(V1))&((V4)))"
0.994788951946824,"I(((V5))&((V9)))"
0.992757869555051,"I(V11)"
0.992747024121939,"I(V8)"
