"posterior","tree"
0.858572245915481,"I(((V8))&((V11)))"
0.85388055755196,"I((1-(V1))&((V4)))"
0.807262733111106,"I(((V5))&((V9)))"
0.195160046897853,"I(V9)"
0.19501034606973,"I(V5)"
0.149367945109937,"I(V1)"
0.147787645314924,"I(V4)"
0.14310797071839,"I(V11)"
0.143103372115264,"I(V8)"
