"posterior","tree"
0.855196187652141,"I(((V5))&((V9)))"
0.818763014549021,"I(((V4))&(1-(V1)))"
0.813590015434866,"I(((V8))&((V11)))"
0.188003249407071,"I(V11)"
0.188002154624919,"I(V8)"
0.182839862707955,"I(V4)"
0.182600389558634,"I(V1)"
0.14791700978427,"I(V9)"
0.146483633909455,"I(V5)"
