"posterior","tree"
0.917343132863436,"I(((V5))&((V9)))"
0.82118867701213,"I((1-(V1))&((V4)))"
0.819713815952638,"I(((V8))&((V11)))"
0.181873373670851,"I(V8)"
0.181656977197527,"I(V11)"
0.18019321923505,"I(V4)"
0.17997526160451,"I(V1)"
0.0846593078703562,"I(V5)"
0.0846581994048697,"I(V9)"
