"posterior","tree"
0.997898583767493,"I(((V5))&((V9)))"
0.989501942869235,"I(V11)"
0.988061008483129,"I((1-(V1))&((V4)))"
0.98744414275964,"I(V8)"
