"posterior","tree"
0.86007048378743,"I(((V5))&((V9)))"
0.819656027102495,"I(((V11))&((V8)))"
0.808735866001155,"I((1-(V1))&((V4)))"
0.194081031473498,"I(V1)"
0.192699286329025,"I(V4)"
0.182056833993014,"I(V8)"
0.181947376604546,"I(V11)"
0.143191370788792,"I(V9)"
0.142963650026853,"I(V5)"
