"posterior","tree"
0.88333281760231,"I((1-(V1))&((V4)))"
0.797582848642858,"I(((V5))&((V9)))"
0.757836142186069,"I(((V11))&((V8)))"
0.244302967609729,"I(V8)"
0.244212602549518,"I(V11)"
0.205312040873772,"I(V5)"
0.204571226230425,"I(V9)"
0.119884247001674,"I(V4)"
0.118273929933396,"I(V1)"
