"posterior","tree"
0.908794507546287,"I(((V5))&((V9)))"
0.79393768316337,"I(((V8))&((V11)))"
0.760111122694514,"I((1-(V1))&((V4)))"
0.242157457180775,"I(V4)"
0.241519107228066,"I(V1)"
0.208549568042497,"I(V11)"
0.208387433457682,"I(V8)"
0.0938469949407929,"I(V9)"
0.0931083658911064,"I(V5)"
