"posterior","tree"
0.933992132999952,"I((1-(V1))&((V4)))"
0.823314260149094,"I(((V5))&((V9)))"
0.689385407830958,"I(((V11))&((V8)))"
0.312736849267151,"I(V11)"
0.312508586369049,"I(V8)"
0.178883123142768,"I(V9)"
0.178401803992553,"I(V5)"
0.0678644053260551,"I(V4)"
0.0676620602508628,"I(V1)"
