"posterior","tree"
0.91062469161211,"I(((V5))&((V9)))"
0.847824076696586,"I((1-(V1))&((V4)))"
0.719144667824152,"I(((V8))&((V11)))"
0.283117102536822,"I(V8)"
0.282776261129255,"I(V11)"
0.154756358085446,"I(V4)"
0.153933533645516,"I(V1)"
0.091729869216566,"I(V5)"
0.0913217373068382,"I(V9)"
