"posterior","tree"
0.87439756384509,"I(((V5))&((V9)))"
0.835016141829402,"I(((V11))&((V8)))"
0.715115044608997,"I(((((V4))))&(1-(V1)))"
0.288214434787478,"I(V1)"
0.286285086890351,"I(V4)"
0.166847331846317,"I(V8)"
0.166637769847218,"I(V11)"
0.128852033797818,"I(V5)"
0.127338302722735,"I(V9)"
