"posterior","tree"
0.877257517303191,"I(((V5))&((V9)))"
0.842375174563923,"I(((V8))&((V11)))"
0.816484146773056,"I((1-(V1))&((V4)))"
0.185715387470166,"I(V4)"
0.185508565166863,"I(V1)"
0.160902190683243,"I(V11)"
0.159266329251811,"I(V8)"
0.125254580293478,"I(V5)"
0.124381512784091,"I(V9)"
