"posterior","tree"
0.868098483178197,"I((1-(V1))&((V4)))"
0.781552488160441,"I(((V5))&((V9)))"
0.753858650524392,"I(((V11))&((V8)))"
0.248408897727089,"I(V11)"
0.248359639805527,"I(V8)"
0.221076630033884,"I(V5)"
0.220710755538769,"I(V9)"
0.134270078167931,"I(V4)"
0.133628339063869,"I(V1)"
