"posterior","tree"
0.998305474637147,"I(((V5))&((V9)))"
0.99665653727126,"I(V8)"
0.9962269158593,"I((1-(V1))&((V4)))"
0.993292142219058,"I(V11)"
