"posterior","tree"
0.865693670588623,"I((1-(V1))&((V4)))"
0.816263656206802,"I(((V5))&((V9)))"
0.784968486568421,"I(((V8))&((V11)))"
0.217606518956071,"I(V8)"
0.217338383628371,"I(V11)"
0.186720680706851,"I(V5)"
0.18581192854199,"I(V9)"
0.136978964029057,"I(V1)"
0.136580867908068,"I(V4)"
