"posterior","tree"
0.89654291373508,"I(((V5))&((V9)))"
0.771907711549872,"I((1-(V1))&((V4)))"
0.759242441201309,"I(((V8))&((V11)))"
0.24312047792917,"I(V11)"
0.242692367846552,"I(V8)"
0.230795007275693,"I(V1)"
0.229962072806437,"I(V4)"
0.106140241049508,"I(V9)"
0.105237304018565,"I(V5)"
