"posterior","tree"
0.925703910235022,"I(((V8))&((V11)))"
0.853021856403358,"I(((V5))&((V9)))"
0.710904280112697,"I(((V4))&(1-(((V1)))))"
0.291687815367753,"I(V4)"
0.288952814548532,"I(V1)"
0.150317781459204,"I(V5)"
0.14865070416137,"I(V9)"
0.0761217080159517,"I(V8)"
0.0758976840421449,"I(V11)"
