"posterior","tree"
0.999572040899953,"I(((V5))&((V9)))"
0.996348944937678,"I(V11)"
0.996348935361276,"I(V8)"
0.995479133449319,"I((1-(V1))&((V4)))"
