"posterior","tree"
0.889259111098502,"I((1-(V1))&((V4)))"
0.880197552046901,"I(((V8))&((V11)))"
0.767133775852133,"I(((V5))&((V9)))"
0.23544369151647,"I(V9)"
0.234986005585625,"I(V5)"
0.122228503355678,"I(V8)"
0.121521841889896,"I(V11)"
0.113369987383638,"I(V4)"
0.11214661174835,"I(V1)"
