"posterior","tree"
0.673500580358166,"I((1-(V1))&((V4)))"
0.666904823975155,"I(((V11))&((V8)))"
0.656781559189066,"I(((V9))&((V5)))"
0.34512870086875,"I(V5)"
0.339705540768431,"I(V9)"
0.334498437062945,"I(V8)"
0.334144369727529,"I(V11)"
0.328611845444819,"I(V4)"
0.326862622190408,"I(V1)"
