"posterior","tree"
0.943254723657817,"I(((V5))&((V9)))"
0.835572176704556,"I((1-(V1))&((V4)))"
0.602394239880716,"I(((V8))&((V11)))"
0.399833397111569,"I(V8)"
0.398530746070139,"I(V11)"
0.168615395356888,"I(V4)"
0.165537803584594,"I(V1)"
0.0590297943275396,"I(V9)"
0.0586351162858681,"I(V5)"
