"posterior","tree"
0.999316167476841,"I((1-(V1))&((V4)))"
0.505626761168001,"I(V9)"
0.503711067705876,"I(((V11))&((V8)))"
0.503018212093123,"I(V5)"
0.498047753824926,"I(V8)"
0.497699960039558,"I(V11)"
0.496112318379036,"I(((V5))&((V9)))"
