"posterior","tree"
0.997885781465904,"I((1-(V1))&((V4)))"
0.992691977646473,"I(V8)"
0.992676597595419,"I(V11)"
0.991592667521103,"I(((V5))&((V9)))"
