"posterior","tree"
0.875292764868803,"I(((V4))&(1-(V1)))"
0.827231503244004,"I(((V11))&((V8)))"
0.739462147688712,"I(((V5))&((V9)))"
0.263356660441767,"I(V5)"
0.263080135174292,"I(V9)"
0.17440051991016,"I(V11)"
0.172902867857311,"I(V8)"
0.127946665417432,"I(V4)"
0.125866466907572,"I(V1)"
