"posterior","tree"
0.943406515963386,"I((1-(V1))&((V4)))"
0.803768270721592,"I(((V8))&((V11)))"
0.65108626136057,"I(((V5))&((V9)))"
0.35145145537853,"I(V5)"
0.350186560681991,"I(V9)"
0.199249654007162,"I(V11)"
0.198356520568897,"I(V8)"
0.0584816247923816,"I(V4)"
0.058314281915283,"I(V1)"
