"posterior","tree"
0.999999999999998,"I(V4)"
0.998320414795377,"I(((V9))&((V5)))"
0.514865460323819,"I(((V11))&((V8)))"
0.510896222416676,"I(V1)"
0.49025545473645,"I(((V1))&((V4)))"
0.487311260072263,"I(V8)"
0.4862258405061,"I(V11)"
