"posterior","tree"
0.920529704511915,"I((1-(V1))&((V4)))"
0.915623263630286,"I(((V5))&((V9)))"
0.723891683108517,"I(((V8))&((V11)))"
0.278867343322732,"I(V8)"
0.277500654809081,"I(V11)"
0.0863331301421542,"I(V5)"
0.086166202077544,"I(V9)"
0.0812766713944005,"I(V4)"
0.0812696680989084,"I(V1)"
