"posterior","tree"
0.900614383397222,"I(((V5))&((V9)))"
0.807194152296746,"I((1-(V1))&((V4)))"
0.742208039239877,"I(((V8))&((V11)))"
0.260480736793743,"I(V8)"
0.259934371995785,"I(V11)"
0.195028864946088,"I(V4)"
0.192669955094914,"I(V1)"
0.10174601512303,"I(V9)"
0.101278077649377,"I(V5)"
