"posterior","tree"
0.999999999999994,"I(V11)"
0.999999999999994,"I(V8)"
0.995832855470121,"I(((V5))&((V9)))"
0.995808443864757,"I((1-(V1))&((V4)))"
