"posterior","tree"
0.927932015458789,"I(((V5))&((V9)))"
0.859307221772718,"I(((V4))&(1-(V1)))"
0.693234560299719,"I(((V8))&((V11)))"
0.30810512026983,"I(V8)"
0.308104998315218,"I(V11)"
0.143821614141976,"I(V4)"
0.142097554287192,"I(V1)"
0.0746378558436162,"I(V9)"
0.0741518259027547,"I(V5)"
