"posterior","tree"
0.89564281659749,"I((1-(V1))&((V4)))"
0.878476894487423,"I(((V11))&((V8)))"
0.785883174184155,"I(((V5))&((V9)))"
0.216416325277874,"I(V9)"
0.21557113061979,"I(V5)"
0.123404138508251,"I(V8)"
0.123401580934385,"I(V11)"
0.106642163309644,"I(V4)"
0.105655178010008,"I(V1)"
