"posterior","tree"
0.858483554118949,"I((1-(V1))&((V4)))"
0.850087787585648,"I(((V11))&((V8)))"
0.798185209697774,"I(((V9))&((V5)))"
0.204725979043498,"I(V5)"
0.203369516607152,"I(V9)"
0.153233876809682,"I(V8)"
0.151687705059845,"I(V11)"
0.143901418771127,"I(V4)"
0.143640422754252,"I(V1)"
