"posterior","tree"
0.939805760656523,"I(((V5))&((V9)))"
0.937076103309788,"I(((V8))&((V11)))"
0.542688088995009,"I(((V4))&(1-(V1)))"
0.46019573296396,"I(V4)"
0.458957310155744,"I(V1)"
0.0647929673554313,"I(V8)"
0.0647916134487188,"I(V11)"
0.0619447947335285,"I(V5)"
0.0619429657537489,"I(V9)"
