"posterior","tree"
0.803951020554881,"I((1-(V1))&((V4)))"
0.799917731828217,"I(((V5))&((V9)))"
0.604339867537825,"I(V11)"
0.604337020985125,"I(V8)"
0.393223499449112,"I(((V8))&((V11)))"
0.202609916095595,"I(V9)"
0.201766956788409,"I(V5)"
0.197742387189191,"I(V4)"
0.196894298607921,"I(V1)"
