"posterior","tree"
0.998934718364317,"I(((V9))&((V5)))"
0.991531820381842,"I(V11)"
0.991529284254966,"I(V8)"
0.990446250381113,"I((1-(V1))&((V4)))"
