"posterior","tree"
0.999976191041152,"I(((V5))&((V9)))"
0.992700357941578,"I(V8)"
0.992700343418387,"I(V11)"
0.988518779610207,"I((1-(V1))&((V4)))"
