"posterior","tree"
0.999665464186068,"I(((V5))&((V9)))"
0.795377035766872,"I(V11)"
0.793476627687186,"I((1-(V1))&((V4)))"
0.793421840632275,"I(V8)"
0.208610499745395,"I(V4)"
0.207322714126031,"I(V1)"
0.205055617362758,"I(((V8))&((V11)))"
