"posterior","tree"
0.927404832539596,"I(((V9))&((V5)))"
0.862043141294881,"I((1-(V1))&((V4)))"
0.694885909801655,"I(((V11))&((V8)))"
0.306461025353771,"I(V11)"
0.306460887033153,"I(V8)"
0.141092773218584,"I(V4)"
0.139652190998018,"I(V1)"
0.0751567059412164,"I(V9)"
0.0743782064516299,"I(V5)"
