"posterior","tree"
0.85516335224918,"I(((V5))&((V9)))"
0.790671693031783,"I(((V11))&((V8)))"
0.772798464922409,"I(((V4))&(1-(V1)))"
0.228518014806738,"I(V1)"
0.228005670477922,"I(V4)"
0.211918018171907,"I(V11)"
0.211237828261776,"I(V8)"
0.146885182489228,"I(V9)"
0.14670962211947,"I(V5)"
