"posterior","tree"
0.751090068597348,"I(((V5))&((V9)))"
0.748028207801753,"I((1-(V1))&((V4)))"
0.504858158245384,"I(V8)"
0.502218560964172,"I(V11)"
0.496713006973944,"I(((V11))&((V8)))"
0.255125935624987,"I(V4)"
0.251544693922331,"I(V5)"
0.251528099646275,"I(V9)"
0.250886411269673,"I(V1)"
