"posterior","tree"
1,"I(V4)"
0.998660603417855,"I(((V8))&((V11)))"
0.99813253881561,"I(((V5))&((V9)))"
0.994210733080639,"I(V1)"
