"posterior","tree"
1,"I(rs1343743)"
0.999842994995924,"I(rs10802802)"
0.999842994995922,"I(rs10788764)"
0.999842994980197,"I(rs1342590)"
0.999842994980184,"I(rs823130)"
0.999842994536829,"I(rs4520444)"
0.999842992688264,"I(rs7513205)"
0.999842971760722,"I(rs12404596)"
0.999842918226448,"I(rs7522326)"
0.999842896016332,"I(rs2841981)"
0.999081691073185,"I(rs1321108)"
0.997227107850666,"I(rs1571351)"
0.74480705219862,"I(rs6689749)"
0.673545883407104,"I(rs159525)"
