"posterior","tree"
1,"I(rs1045287)"
0.998532091392509,"I(rs10788764)"
0.998532064207851,"I(rs2841981)"
0.998530482610933,"I(rs7522326)"
0.99828325970953,"I(rs4916071)"
0.998022429578969,"I(rs823130)"
0.997984784249051,"I(rs10802802)"
0.997984452519535,"I(rs602700)"
0.997773577687784,"I(rs725033)"
0.997771030223009,"I(rs7517503)"
0.997761419095298,"I(rs13294)"
0.997730606749903,"I(rs10754220)"
0.997701399191211,"I(rs1321108)"
0.895890969553432,"I(rs7515154)"
