"posterior","tree"
1,"I(rs10802802)"
1,"I(rs10788764)"
0.999999999998388,"I(rs1045287)"
0.999999999987698,"I(rs4520444)"
0.999999999903488,"I(rs2841981)"
0.999999996054287,"I(rs7522326)"
0.99999977081754,"I(rs1321108)"
0.998703305725646,"I(rs12404596)"
0.998703305725625,"I(rs1342590)"
0.998703305724644,"I(rs823130)"
0.998702470283853,"I(rs6703159)"
0.997518894399158,"I(rs7513205)"
