"posterior","tree"
1,"10"
0.998564245568965,"77"
0.998065721170656,"478"
0.948504535355445,"479"
0.713653676841919,"476"
0.556610944896683,"472"
