"posterior","tree"
1,"I(V11)"
0.998666581709721,"I(I(V9)*I(V5))"
0.998666581624553,"I(I(V4)*I(V11))"
0.983911145997576,"I(V4)"
0.983911144325469,"I(V1)"
0.970915835891434,"I(V8)"
