"posterior","tree"
1,"I(rs10495273)"
0.999999999981854,"I(rs10788764)"
0.999999999981823,"I(rs708724)"
0.999999999976227,"I(rs1321108)"
0.999999996843352,"I(rs10802802)"
0.999999996843351,"I(rs4526571)"
0.99999999684322,"I(rs1342586)"
0.999999995943335,"I(rs10754220)"
0.999999888151974,"I(rs13294)"
0.999999026698663,"I(rs2841981)"
0.998163205780853,"I(rs4651195)"
0.820504042220648,"I(rs4916071)"
0.249569156621939,"I(rs2657206)"
