"posterior","tree"
1,"I(rs1045287)"
0.999999999999995,"I(rs10788764)"
0.999999999598154,"I(rs10802802)"
0.999981462254948,"I(rs6657275)"
0.999603199052934,"I(rs823130)"
0.999594630054067,"I(rs4651195)"
0.999584661309173,"I(rs2175177)"
0.999584661308297,"I(rs10754220)"
0.999584361432495,"I(rs10759)"
0.99958359276355,"I(rs10799899)"
0.603221658001255,"I(rs7513205)"
0.396791241165369,"I(rs13294)"
