"posterior","tree"
0.999999999999999,"I(((V5))&((V9)))"
0.99999999999983,"I(((V11))&((V8)))"
0.99999999852824,"I(((V1))&((V4)))"
