"posterior","tree"
0.999999999999402,"I(((V5))&((V9)))"
0.999999999662105,"I(((V11))&((V8)))"
0.999986473618504,"I(((V1))&((V4)))"
