"posterior","tree"
0.999999999996513,"I(((V5))&((V9)))"
0.999999999921154,"I(((V8))&((V11)))"
0.999999999913486,"I(((V1))&((V4)))"
