"posterior","tree"
0.999999993375756,"I(((V11))&((V8)))"
0.999999970456283,"I(((V5))&((V9)))"
0.999952541671573,"I(((V1))&((V4)))"
