"posterior","tree"
0.99999999680483,"I(((V11))&((V8)))"
0.99999999610625,"I(((V5))&((V9)))"
0.999998935459325,"I(((V1))&((V4)))"
