"posterior","tree"
0.999999999991018,"I(((V5))&((V9)))"
0.999999999987065,"I(((V11))&((V8)))"
0.99999998851033,"I(((V4))&((V1)))"
