"posterior","tree"
0.999999999999926,"I(((V5))&((V9)))"
0.99999998431904,"I(((V11))&((V8)))"
0.999999983221244,"I(((V1))&((V4)))"
