"posterior","tree"
0.999999999999922,"I(((V11))&((V8)))"
0.999999999999708,"I(((V5))&((V9)))"
0.999999999939865,"I(((V1))&((V4)))"
