"posterior","tree"
0.999999999999999,"I(((V5))&((V9)))"
0.999999999999999,"I(((V11))&((V8)))"
0.999999999992954,"I(((V1))&((V4)))"
