"posterior","tree"
0.999999999998536,"I(((V5))&((V9)))"
0.999999999991622,"I(((V8))&((V11)))"
0.999996470096037,"I(((V1))&((V4)))"
