"posterior","tree"
0.999999999999997,"I(((V11))&((V8)))"
0.99999999999848,"I(((V5))&((V9)))"
0.999999991764269,"I(((V1))&((V4)))"
