"posterior","tree"
1,"I(((V1))&((V4)))"
0.9999997426641,"I(((V11))&((V8)))"
0.99999078999771,"I(((V5))&((V9)))"
0.258052501192867,"I(V5)"
