"posterior","tree"
0.999999999435447,"I(((V11))&((V8)))"
0.999999999435431,"I(((V9))&((V5)))"
0.999999998187581,"I(((V1))&((V4)))"
