"posterior","tree"
0.999999999999999,"I(((V5))&((V9)))"
0.999999999998709,"I(((V11))&((V8)))"
0.999999996124587,"I(((V1))&((V4)))"
