"posterior","tree"
0.999999999999871,"I(((V5))&((V9)))"
0.999999999312264,"I(((V11))&((V8)))"
0.999999989896936,"I(((V1))&((V4)))"
