"posterior","tree"
0.999999999999845,"I(((V5))&((V9)))"
0.999999999998869,"I(((V11))&((V8)))"
0.999999999972163,"I(((V1))&((V4)))"
