"posterior","tree"
0.999999772502839,"I(((V9))&((V5)))"
0.999999725290545,"I(((V8))&((V11)))"
0.999998348742116,"I(((V1))&((V4)))"
