"posterior","tree"
0.999999370216819,"I(((V5))&((V9)))"
0.999998739837459,"I(((V8))&((V11)))"
0.999966649190192,"I(((V4))&((V1)))"
