"posterior","tree"
0.99999999381733,"I(((V5))&((V9)))"
0.999999990930768,"I(((V11))&((V8)))"
0.999999971599099,"I(((V1))&((V4)))"
