"posterior","tree"
0.999999999999582,"I(((V11))&((V8)))"
0.999999999999518,"I(((V5))&((V9)))"
0.999999999945684,"I(((V1))&((V4)))"
