"posterior","tree"
0.999999999999173,"I(((V11))&((V8)))"
0.999999999998077,"I(((V5))&((V9)))"
0.999999923421387,"I(((V1))&((V4)))"
