"posterior","tree"
0.999999999874649,"I(((V5))&((V9)))"
0.999999999502545,"I(((V11))&((V8)))"
0.999999998547795,"I(((V1))&((V4)))"
