"posterior","tree"
0.999934575520721,"I(((V5))&((V9)))"
0.983390384566079,"I(V8)"
0.983373012082088,"I(V11)"
0.982250530207334,"I(((V4))&(1-(V1)))"
