"posterior","tree"
0.876400338770245,"I((1-(V1))&((V4)))"
0.755872127379398,"I(((V11))&((V8)))"
0.720220294707477,"I(((V5))&((V9)))"
0.282630594268709,"I(V9)"
0.282331056119987,"I(V5)"
0.247127377354877,"I(V8)"
0.244117585018455,"I(V11)"
0.125355512369131,"I(V4)"
0.124445702767024,"I(V1)"
