"posterior","tree"
0.870955152297529,"I(((V5))&((V9)))"
0.85892887901053,"I((1-(V1))&((V4)))"
0.701438068543323,"I(((V8))&((V11)))"
0.30112599429874,"I(V8)"
0.299931747348571,"I(V11)"
0.142772557136989,"I(V4)"
0.14275062737472,"I(V1)"
0.132133628648415,"I(V5)"
0.131118279038468,"I(V9)"
