"posterior","tree"
0.855590937592554,"I((1-(V1))&((V4)))"
0.698226942828219,"I(((V5))&((V9)))"
0.556280095142968,"I(V8)"
0.556279227143411,"I(V11)"
0.444973429246178,"I(((V11))&((V8)))"
0.304127185188945,"I(V5)"
0.303835660985579,"I(V9)"
0.147690014499824,"I(V4)"
0.144681437123515,"I(V1)"
