"posterior","tree"
1,"I(V4)"
0.998357560374664,"I(((V5))&((V9)))"
0.997280765446641,"I(((V8))&((V11)))"
0.989203541751828,"I(V1)"
