"posterior","tree"
0.994338732525718,"I((1-(V1))&((V4)))"
0.664276174031011,"I(((V5))&((V9)))"
0.661487393603603,"I(V8)"
0.660776845524321,"I(V11)"
0.340644400275406,"I(((V11))&((V8)))"
0.33850691240623,"I(V5)"
0.33782413859211,"I(V9)"
