"posterior","tree"
0.86497392850427,"I((1-(V1))&((V4)))"
0.850748867549298,"I(((V5))&((V9)))"
0.67814498456748,"I(((V11))&((V8)))"
0.323886621079658,"I(V8)"
0.323365857736892,"I(V11)"
0.151825641967594,"I(V9)"
0.15158199187223,"I(V5)"
0.137639075447764,"I(V4)"
0.137268983914968,"I(V1)"
