"posterior","tree"
0.998988896989124,"I((1-(V1))&((V4)))"
0.748398849459728,"I(V8)"
0.747338417697785,"I(((V5))&((V9)))"
0.741275215813461,"I(V11)"
0.254235153427598,"I(V9)"
0.2541784887281,"I(V5)"
0.252132148422936,"I(((V8))&((V11)))"
