"posterior","tree"
0.927471035611075,"I(((V5))&((V9)))"
0.857570171859153,"I((1-(V1))&((V4)))"
0.708309309066786,"I(((V11))&((V8)))"
0.294421065155321,"I(V11)"
0.294387384418641,"I(V8)"
0.145785737568681,"I(V4)"
0.143637833164982,"I(V1)"
0.0743606377251178,"I(V5)"
0.0743593892721822,"I(V9)"
