"posterior","tree"
0.997689359489575,"I(((V5))&((V9)))"
0.991896772851653,"I(V4)"
0.894038715898906,"I(((V11))&((V8)))"
0.888564830261344,"I(V1)"
0.111694187616601,"I(((V1))&((V4)))"
0.109719516973573,"I(V11)"
0.108882208554736,"I(V8)"
