"posterior","tree"
0.894023369986286,"I((1-(V1))&((V4)))"
0.855010051465293,"I(((V5))&((V9)))"
0.759533534069901,"I(((V8))&((V11)))"
0.242589242925261,"I(V8)"
0.24258685273427,"I(V11)"
0.147580942276586,"I(V9)"
0.147260961397757,"I(V5)"
0.108337110896698,"I(V1)"
0.10773554650999,"I(V4)"
