"posterior","tree"
0.997627110587339,"I(((V5))&((V9)))"
0.50757587295275,"I(V11)"
0.506556198364421,"I(V8)"
0.502319014810148,"I(((V4))&(1-(V1)))"
0.499790283774015,"I(V4)"
0.494485611085766,"I(((V11))&((V8)))"
0.49164385184406,"I(V1)"
