"posterior","tree"
0.876588086448301,"I(((V5))&((V9)))"
0.871490775259334,"I((1-(V1))&((V4)))"
0.665964653015119,"I(((V8))&((V11)))"
0.335994055716579,"I(V11)"
0.335106273357449,"I(V8)"
0.130351472923668,"I(V4)"
0.130283464917644,"I(V1)"
0.125938854351925,"I(V5)"
0.125768283961442,"I(V9)"
