"posterior","tree"
0.999999999999973,"I(V8)"
0.999997408983422,"I(((V5))&((V9)))"
0.998631737152322,"I(V11)"
0.992693715292024,"I(((V4))&(1-(V1)))"
