"posterior","tree"
0.999272572725807,"I(((V5))&((V9)))"
0.994329131976035,"I(V11)"
0.992928456652341,"I((1-(V1))&((V4)))"
0.98871097322745,"I(V8)"
