"posterior","tree"
0.955816698735266,"I(((V5))&((V9)))"
0.735183466151271,"I(((V11))&((V8)))"
0.61195669720184,"I((1-(V1))&((V4)))"
0.390004382531715,"I(V4)"
0.388731723894062,"I(V1)"
0.266440020504864,"I(V11)"
0.266283555322361,"I(V8)"
