"posterior","tree"
0.994188403764184,"I((1-(V1))&((V4)))"
0.748665902838878,"I(((V5))&((V9)))"
0.745560983051629,"I(V11)"
0.745050315106214,"I(V8)"
0.255487521665399,"I(((V8))&((V11)))"
0.253284312498101,"I(V5)"
0.252914623272471,"I(V9)"
