"posterior","tree"
0.895277608523899,"I(((V5))&((V9)))"
0.877345717091052,"I(((V11))&((V8)))"
0.698035990830187,"I((1-(V1))&((V4)))"
0.304328447730446,"I(V1)"
0.30387496081569,"I(V4)"
0.124494040525704,"I(V8)"
0.124384361455098,"I(V11)"
0.10720978817978,"I(V5)"
0.10671255367465,"I(V9)"
