"posterior","tree"
0.99999999958072,"I(V11)"
0.999999999580714,"I(V8)"
0.999995153670381,"I(((V9))&((V5)))"
0.995826774638332,"I((1-(V1))&((V4)))"
