"posterior","tree"
0.861059452824555,"I(((V5))&((V9)))"
0.819401297216449,"I((1-(V1))&((V4)))"
0.771809493179014,"I(((V11))&((V8)))"
0.23041624798299,"I(V8)"
0.229699275090749,"I(V11)"
0.183074643975722,"I(V4)"
0.181177053852656,"I(V1)"
0.141759467845214,"I(V5)"
0.141593953742026,"I(V9)"
