"posterior","tree"
0.903137164376222,"I(((V5))&((V9)))"
0.784380870560785,"I(((V8))&((V11)))"
0.757672476496965,"I((1-(V1))&((V4)))"
0.245222909588624,"I(V1)"
0.244519654924055,"I(V4)"
0.217950946134569,"I(V8)"
0.217848429839292,"I(V11)"
0.0993941512379888,"I(V9)"
0.0986307431892804,"I(V5)"
