"posterior","tree"
0.8738488491021,"I((1-(V1))&((V4)))"
0.829673844988682,"I(((V11))&((V8)))"
0.747638085758141,"I(((V5))&((V9)))"
0.255169485706932,"I(V9)"
0.254403415969057,"I(V5)"
0.172072852468253,"I(V8)"
0.171962240654248,"I(V11)"
0.129528360908109,"I(V4)"
0.127656449227304,"I(V1)"
