"posterior","tree"
0.928405640924811,"I(((V5))&((V9)))"
0.86239545934175,"I((1-(V1))&((V4)))"
0.698691113007122,"I(((V8))&((V11)))"
0.30250891595458,"I(V8)"
0.30006805995609,"I(V11)"
0.140740883805759,"I(V4)"
0.139298262423257,"I(V1)"
0.0736638964672273,"I(V9)"
0.0734265434232658,"I(V5)"
