"posterior","tree"
0.940031018814628,"I((1-(V1))&((V4)))"
0.767993342923317,"I(((V5))&((V9)))"
0.709591868348028,"I(((V11))&((V8)))"
0.292715367120898,"I(V11)"
0.291734496600336,"I(V8)"
0.23369908927416,"I(V9)"
0.233568950132017,"I(V5)"
0.0630105294930721,"I(V1)"
0.061959487000495,"I(V4)"
