"posterior","tree"
0.927126887631,"I(((V5))&((V9)))"
0.796567498741454,"I(((V11))&((V8)))"
0.7834462138553,"I(((V4))&(1-(V1)))"
0.220421322396697,"I(V4)"
0.217809623911614,"I(V1)"
0.204984103322606,"I(V8)"
0.204465157997019,"I(V11)"
0.074968525993793,"I(V5)"
0.0746990425044199,"I(V9)"
