"posterior","tree"
0.888064335347909,"I((1-(V1))&((V4)))"
0.816672600061064,"I(((V5))&((V9)))"
0.762581615474914,"I(((V11))&((V8)))"
0.239353425329051,"I(V11)"
0.238363619398517,"I(V8)"
0.186082410060495,"I(V5)"
0.18556302284708,"I(V9)"
0.114796569942784,"I(V4)"
0.112944098508141,"I(V1)"
