"posterior","tree"
0.927373613326525,"I(((V5))&((V9)))"
0.85365846776233,"I(((V4))&(1-(V1)))"
0.72106117734684,"I(((V11))&((V8)))"
0.28032795038763,"I(V8)"
0.278313822086749,"I(V11)"
0.149651290550359,"I(V1)"
0.147984839857306,"I(V4)"
0.0746731000968904,"I(V9)"
0.0743806180871035,"I(V5)"
