"posterior","tree"
0.927182862930332,"I((1-(V1))&((V4)))"
0.846607075950463,"I(((V5))&((V9)))"
0.745545141827389,"I(((V8))&((V11)))"
0.257330568362826,"I(V8)"
0.255895725629097,"I(V11)"
0.156265079606741,"I(V5)"
0.155258965513547,"I(V9)"
0.074641084559607,"I(V4)"
0.0742143218908569,"I(V1)"
