"posterior","tree"
0.910600248013746,"I(((V11))&((V8)))"
0.888316918846848,"I((1-(V1))&((V4)))"
0.803249879599617,"I(((V5))&((V9)))"
0.199257764958676,"I(V5)"
0.198292138770595,"I(V9)"
0.114948680266324,"I(V1)"
0.113429064799098,"I(V4)"
0.0911674076323943,"I(V8)"
0.0911673784322715,"I(V11)"
