"posterior","tree"
0.999476133414254,"I((1-(V1))&((V4)))"
0.503664298740615,"I(V9)"
0.503143499567916,"I(V5)"
0.501569066680097,"I(((V8))&((((V11)))))"
0.50053690580781,"I(V11)"
0.49948644683582,"I(V8)"
0.498430933808415,"I(((V5))&((V9)))"
