"posterior","tree"
0.99783973016468,"I(((V5))&((V9)))"
0.989543855882543,"I(V8)"
0.985897628196074,"I((1-(V1))&((V4)))"
0.980736531051158,"I(V11)"
