"posterior","tree"
0.877927608179974,"I((1-(V1))&((V4)))"
0.822656614189094,"I(((V9))&((V5)))"
0.64450346921776,"I(((V8))&((V11)))"
0.357772648221683,"I(V11)"
0.357730784130543,"I(V8)"
0.179191398675459,"I(V5)"
0.178989671203734,"I(V9)"
0.12403606591713,"I(V1)"
0.123990101015245,"I(V4)"
