"posterior","tree"
0.92582924497087,"I((1-(V1))&((V4)))"
0.847708689178315,"I(((V5))&((V9)))"
0.733678842050267,"I(((V8))&((V11)))"
0.269146445399044,"I(V11)"
0.265614672441669,"I(V8)"
0.155526693845221,"I(V5)"
0.154199127454712,"I(V9)"
0.0759806826901703,"I(V4)"
0.0759412927885706,"I(V1)"
