"posterior","tree"
0.875244985535501,"I((1-(V1))&((V4)))"
0.823275139823586,"I(((V5))&((V9)))"
0.809139485071436,"I(((V11))&((V8)))"
0.19350898193938,"I(V11)"
0.192438214180399,"I(V8)"
0.179173276356498,"I(V5)"
0.178973728938653,"I(V9)"
0.126874631038113,"I(V4)"
0.126612560996243,"I(V1)"
