"posterior","tree"
0.869803320868071,"I((1-(V1))&((V4)))"
0.851108733585382,"I(((V5))&((V9)))"
0.664090900799294,"I(((V11))&((V8)))"
0.338507835270541,"I(V8)"
0.33746025513972,"I(V11)"
0.151367976651774,"I(V9)"
0.151100431381821,"I(V5)"
0.1325428227459,"I(V4)"
0.132444547097692,"I(V1)"
