"posterior","tree"
0.933281776084972,"I((1-(V1))&((V4)))"
0.838970738949361,"I(((V11))&((V8)))"
0.655097298860921,"I(((V5))&((V9)))"
0.347433469409191,"I(V9)"
0.347214697516952,"I(V5)"
0.162689723920363,"I(V8)"
0.160868252115758,"I(V11)"
0.0685219302333737,"I(V4)"
0.0683956932064938,"I(V1)"
