"posterior","tree"
0.837857233945371,"I((1-(V1))&((V4)))"
0.808242909893947,"I(((V5))&((V9)))"
0.678615489726747,"I(((V8))&((V11)))"
0.323928858152953,"I(V8)"
0.322800790243026,"I(V11)"
0.193533060448794,"I(V9)"
0.193530352178039,"I(V5)"
0.164889600925301,"I(V4)"
0.162074997305346,"I(V1)"
