"posterior","tree"
0.996625310283246,"I(((V5))&((V9)))"
0.677103956151556,"I(V11)"
0.67644807175297,"I((1-(V1))&((V4)))"
0.676435680283071,"I(V8)"
0.324915576832919,"I(V1)"
0.323917799060954,"I(((V11))&((V8)))"
0.323382138700979,"I(V4)"
