"posterior","tree"
0.994032535489144,"I((1-(V1))&((V4)))"
0.665337580398357,"I(((V5))&((V9)))"
0.663075960025042,"I(V8)"
0.659392469040876,"I(V11)"
0.337646140027835,"I(((V11))&((V8)))"
0.336764117997206,"I(V9)"
0.336657141174182,"I(V5)"
