"posterior","tree"
0.991002709044609,"I((1-(V1))&((V4)))"
0.506653267694341,"I(((V5))&((V9)))"
0.501749135442644,"I(((V11))&((V8)))"
0.499317619182291,"I(V11)"
0.499001397428218,"I(V8)"
0.495467949724323,"I(V5)"
0.495466610052845,"I(V9)"
