"posterior","tree"
0.940486993315097,"I(((V5))&((V9)))"
0.768290443898904,"I((1-(V1))&((V4)))"
0.697452148936779,"I(((V11))&((V8)))"
0.305276733794032,"I(V8)"
0.303722161413707,"I(V11)"
0.234353342500708,"I(V4)"
0.233448898544543,"I(V1)"
0.061656070458138,"I(V9)"
0.0610814295460513,"I(V5)"
