"posterior","tree"
0.89908154373449,"I((1-(V1))&((V4)))"
0.748598227636389,"I(((V5))&((V9)))"
0.705465376733578,"I(((V8))&((V11)))"
0.297320524351805,"I(V8)"
0.295927917572475,"I(V11)"
0.25505836612656,"I(V9)"
0.252890738473695,"I(V5)"
0.103823116609955,"I(V4)"
0.102492532706811,"I(V1)"
