"posterior","tree"
0.941760684011569,"I(((V5))&((V9)))"
0.871247839999107,"I((1-(V1))&((V4)))"
0.757301961115839,"I(((V8))&((V11)))"
0.244150440026375,"I(V8)"
0.24308651066905,"I(V11)"
0.13135694290841,"I(V4)"
0.130524126660865,"I(V1)"
0.0602759878426219,"I(V9)"
0.0601614792702817,"I(V5)"
