"posterior","tree"
0.884461320025347,"I((1-(V1))&((V4)))"
0.833991264556896,"I(((V5))&((V9)))"
0.770502388783089,"I(((V11))&((V8)))"
0.231038536524243,"I(V11)"
0.230950933731563,"I(V8)"
0.168615057164485,"I(V5)"
0.168116065741008,"I(V9)"
0.118158261638816,"I(V1)"
0.117360739757989,"I(V4)"
