"posterior","tree"
0.876794780219912,"I(((V5))&((V9)))"
0.773296002235088,"I((1-(V1))&((V4)))"
0.763686661244274,"I(((V11))&((V8)))"
0.237990117170478,"I(V8)"
0.237824908154079,"I(V11)"
0.228167742250335,"I(V4)"
0.226622516907766,"I(V1)"
0.126317320226284,"I(V5)"
0.125483488896808,"I(V9)"
