"posterior","tree"
0.944947866007621,"I(((V5))&((V9)))"
0.815164796730794,"I((1-(V1))&((V4)))"
0.613653889312444,"I(((V8))&((V11)))"
0.388570143955188,"I(V11)"
0.388481502105059,"I(V8)"
0.187163904755273,"I(V1)"
0.186635582379311,"I(V4)"
0.057296987936873,"I(V5)"
0.0571267766245216,"I(V9)"
