"posterior","tree"
0.910061538928732,"I((1-(V1))&((V4)))"
0.882235236354325,"I(((V9))&((V5)))"
0.525949471962181,"I(((V8))&((V11)))"
0.475954618014007,"I(V8)"
0.475861411950474,"I(V11)"
0.119903249290035,"I(V9)"
0.119391207413239,"I(V5)"
0.0936040862950835,"I(V4)"
0.0920779236801421,"I(V1)"
