"posterior","tree"
0.994762979721976,"I(((V8))&((V11)))"
0.508864781069924,"I(V9)"
0.507843423481379,"I(V5)"
0.506798709561379,"I((((1-(V1))))&((V4)))"
0.495331954895614,"I(V4)"
0.493378793151537,"I(V1)"
0.493197316266427,"I(((V5))&((V9)))"
