"posterior","tree"
0.900714637320239,"I((1-(V1))&((V4)))"
0.870947509010302,"I(((V5))&((V9)))"
0.753533242596254,"I(((V11))&((V8)))"
0.248414224264218,"I(V8)"
0.248414090432242,"I(V11)"
0.13173705165176,"I(V9)"
0.130837557722558,"I(V5)"
0.101470027730671,"I(V4)"
0.100961570691684,"I(V1)"
