"posterior","tree"
0.937700102500322,"I(((V5))&((V9)))"
0.755849474822423,"I(((V4))&(1-(V1)))"
0.737987960364996,"I(((V11))&((V8)))"
0.263457356124058,"I(V8)"
0.263457296479101,"I(V11)"
0.246904417520613,"I(V4)"
0.24606480730675,"I(V1)"
0.0645859880749123,"I(V9)"
0.0641662200781522,"I(V5)"
