"posterior","tree"
0.887466561343115,"I(((V5))&((V9)))"
0.787056397382109,"I((1-(V1))&((V4)))"
0.704584882130014,"I(((V8))&((V11)))"
0.298073887978056,"I(V11)"
0.296803901987488,"I(V8)"
0.215871206134983,"I(V4)"
0.215616498796511,"I(V1)"
0.115683127145628,"I(V5)"
0.114501979844244,"I(V9)"
