"posterior","tree"
0.998954928346634,"I(V8)"
0.998953100459968,"I(V11)"
0.99737929325653,"I(((V5))&((V9)))"
0.996859076039488,"I((1-(V1))&((V4)))"
