"posterior","tree"
0.994795930459959,"I((1-(V1))&((V4)))"
0.505429452108633,"I(V9)"
0.504397082797207,"I(V5)"
0.500849319298685,"I(V8)"
0.500205737242815,"I(((V11))&((V8)))"
0.498758720715622,"I(V11)"
0.496649603165001,"I(((V5))&((V9)))"
