"posterior","tree"
0.663792598643972,"I(V9)"
0.660622843198419,"I(((V11))&((V8)))"
0.653881809599915,"I(V5)"
0.577048938341187,"I((1-(V1))&((V4)))"
0.341994622839586,"I(V11)"
0.340984307716765,"I(V8)"
0.339980295400288,"I(V4)"
0.337424457634353,"I(((V1))&((V4)))"
0.336993184349612,"I(((V5))&((V9)))"
0.0877269515931546,"I(V1)"
0.0843830824135587,"I((1-(V1))&(((1-(V4)))))"
