"posterior","tree"
0.948161505491402,"I((1-(V1))&((V4)))"
0.748311558470727,"I(((V5))&((V9)))"
0.673059359871786,"I(((V8))&((V11)))"
0.329283755522328,"I(V8)"
0.32856851271034,"I(V11)"
0.254237920479975,"I(V5)"
0.253324200197717,"I(V9)"
0.0543493602923525,"I(V4)"
0.0532851539554105,"I(V1)"
