"posterior","tree"
0.911245903891065,"I((1-(V1))&((V4)))"
0.907583698602609,"I(((V5))&((V9)))"
0.507280417334127,"I(V8)"
0.506417145116309,"I(V11)"
0.494546183524975,"I(((V11))&((((V8)))))"
0.0957881948356632,"I(V5)"
0.094393301242596,"I(V9)"
0.0919975779074686,"I(V1)"
0.0905960029014406,"I(V4)"
