"posterior","tree"
0.956640519090933,"I((1-(V1))&((V4)))"
0.700110954920818,"I(((V11))&((V8)))"
0.647164485802618,"I(((V5))&((V9)))"
0.355277931744561,"I(V5)"
0.355058421506071,"I(V9)"
0.302678134493486,"I(V8)"
0.301258358259227,"I(V11)"
