"posterior","tree"
0.905777540905572,"I((1-(V1))&((V4)))"
0.799623746965007,"I(((V11))&((V8)))"
0.734482311189588,"I(((V5))&((V9)))"
0.268277167369772,"I(V5)"
0.268061415450255,"I(V9)"
0.202561990308418,"I(V11)"
0.201843968630563,"I(V8)"
0.0962448431983397,"I(V1)"
0.096053591746596,"I(V4)"
