"posterior","tree"
0.890806347653072,"I((1-(V1))&((V4)))"
0.777984579468979,"I(((V8))&((V11)))"
0.716093650307095,"I(((V5))&((V9)))"
0.286375090631582,"I(V5)"
0.28566642521441,"I(V9)"
0.223557128921617,"I(V8)"
0.223444159069647,"I(V11)"
0.112040834269554,"I(V1)"
0.111330221377528,"I(V4)"
