"posterior","tree"
1,"I(((V5))&((V9)))"
0.505977262745117,"I(V4)"
0.502854856541968,"I(V1)"
0.501802665354883,"I(((V11))&(1-((1-(V8)))))"
0.500310191864756,"I(V11)"
0.49925420487972,"I(V8)"
0.4961073142549,"I(((V4))&(1-(V1)))"
