"posterior","tree"
0.935834172304878,"I((1-(V1))&((V4)))"
0.837781098961793,"I(((V9))&((V5)))"
0.681874664503083,"I(((V8))&((V11)))"
0.320569402251324,"I(V11)"
0.319645504720451,"I(V8)"
0.164063648939828,"I(V9)"
0.164062629983392,"I(V5)"
0.0660818844275871,"I(V4)"
0.065829336241519,"I(V1)"
