"posterior","tree"
0.897234793024678,"I(((V5))&((V9)))"
0.831658016446528,"I((1-(V1))&((V4)))"
0.746771771919341,"I(((V8))&((V11)))"
0.255406439032813,"I(V11)"
0.255406191886178,"I(V8)"
0.171830307253493,"I(V1)"
0.170213143184137,"I(V4)"
0.105262384011821,"I(V9)"
0.10446406328509,"I(V5)"
