"posterior","tree"
0.91501643825082,"I(((V5))&((V9)))"
0.857389119675147,"I(((V11))&((V8)))"
0.694284213199992,"I((1-(V1))&((V4)))"
0.308401995838324,"I(V4)"
0.308131006589693,"I(V1)"
0.144254801094288,"I(V11)"
0.144161438060922,"I(V8)"
0.0884255268006326,"I(V9)"
0.0868248237251571,"I(V5)"
