"posterior","tree"
0.942263260274554,"I((1-(V1))&((V4)))"
0.773912022821315,"I(((V8))&((V11)))"
0.677697594242237,"I(((V5))&((V9)))"
0.324955653723055,"I(V9)"
0.324775957956669,"I(V5)"
0.22780150170805,"I(V8)"
0.227800887197347,"I(V11)"
0.0597999063760186,"I(V4)"
0.0597752372515122,"I(V1)"
