"posterior","tree"
0.999657724627048,"I(V11)"
0.999232181880351,"I(((V5))&((V9)))"
0.998695238229292,"I((1-(V1))&((V4)))"
0.995848063648677,"I(V8)"
