"posterior","tree"
0.932568976624615,"I(((V5))&((V9)))"
0.826009387485198,"I((1-(V1))&((V4)))"
0.681977110356062,"I(((V11))&((V8)))"
0.321189730459289,"I(V8)"
0.319351679965233,"I(V11)"
0.176227767529861,"I(V4)"
0.175684400944579,"I(V1)"
0.0693916742075514,"I(V5)"
0.069284806357743,"I(V9)"
