"posterior","tree"
0.918392298233488,"I(((V11))&((V8)))"
0.918124969976598,"I(((V5))&((V9)))"
0.71372229102668,"I(((V4))&(1-(V1)))"
0.2877651151709,"I(V1)"
0.287642923528561,"I(V4)"
0.0839343065287997,"I(V9)"
0.083671447883045,"I(V5)"
0.0836691822147565,"I(V11)"
0.0834139591496863,"I(V8)"
