"posterior","tree"
0.889021666220404,"I(((V11))&((V8)))"
0.785483625444401,"I(((V9))&((V5)))"
0.696969640319155,"I((1-(V1))&((V4)))"
0.305774956662028,"I(V4)"
0.304187532244726,"I(V1)"
0.217216520412815,"I(V9)"
0.216077377521403,"I(V5)"
0.114206287458808,"I(V11)"
0.113182938338013,"I(V8)"
