"posterior","tree"
0.858355588233919,"I((1-(V1))&((V4)))"
0.797261216339276,"I(((V8))&((V11)))"
0.75831483052982,"I(((V5))&((V9)))"
0.244498934123362,"I(V5)"
0.24449070704843,"I(V9)"
0.205463656020739,"I(V8)"
0.204490746924346,"I(V11)"
0.143349395757749,"I(V4)"
0.143017963415376,"I(V1)"
