"posterior","tree"
0.75396890187795,"I((1-(V1))&((V4)))"
0.748905722981854,"I(((V5))&((V9)))"
0.50605340289365,"I(V11)"
0.50552672069348,"I(V8)"
0.494988558555268,"I(((V8))&((V11)))"
0.253721202697047,"I(V5)"
0.253711820579416,"I(V9)"
0.248671369613272,"I(V4)"
0.247067929738221,"I(V1)"
