"posterior","tree"
0.94729969009536,"I(((V5))&((V9)))"
0.900366525848306,"I((1-(V1))&((V4)))"
0.502386474480349,"I(((V8))&((V11)))"
0.499549584381361,"I(V8)"
0.498583404986669,"I(V11)"
0.102750414430148,"I(V4)"
0.100781914500361,"I(V1)"
0.0547725988783714,"I(V5)"
0.05402474472517,"I(V9)"
