"posterior","tree"
0.998651477172786,"I(((V5))&((V9)))"
0.508002416760756,"I(V11)"
0.507305987109529,"I(V8)"
0.503604854399246,"I((1-(V1))&((V4)))"
0.498507100518647,"I(V4)"
0.493471521130078,"I(((V11))&((V8)))"
0.489627253187802,"I(V1)"
