"posterior","tree"
0.998994988851706,"I(V11)"
0.997993497164058,"I(V8)"
0.997988803429061,"I(((V5))&((V9)))"
0.997939683652601,"I(((V4))&(1-(V1)))"
