"posterior","tree"
0.999999999999996,"I(V8)"
0.999511307552883,"I((1-(V1))&((V4)))"
0.999499017067257,"I(((V5))&((V9)))"
0.995937405737548,"I(V11)"
