"posterior","tree"
0.887539866966223,"I(((V5))&((V9)))"
0.868417395197412,"I((1-(V1))&((V4)))"
0.628400823774601,"I(((V11))&((V8)))"
0.372805493255211,"I(V8)"
0.372664552375667,"I(V11)"
0.133315781300443,"I(V4)"
0.132841194234305,"I(V1)"
0.115508609815119,"I(V5)"
0.114562161854104,"I(V9)"
