"posterior","tree"
0.999967924006661,"I(((V5))&((V9)))"
0.995178433512626,"I(V11)"
0.995178403017523,"I(V8)"
0.994113580221264,"I((1-(V1))&((V4)))"
