"posterior","tree"
0.925864389396937,"I(((V5))&((V9)))"
0.86101418775835,"I((1-(V1))&((V4)))"
0.694991266589659,"I(((V8))&((V11)))"
0.306352738603797,"I(V8)"
0.306351593474625,"I(V11)"
0.142120012931137,"I(V4)"
0.140874411684624,"I(V1)"
0.0759694546679184,"I(V9)"
0.0759414907825199,"I(V5)"
