"posterior","tree"
0.900427610900102,"I(((V5))&((V9)))"
0.821482095161784,"I((1-(V1))&((V4)))"
0.782743226503348,"I(((V11))&((V8)))"
0.219763909919934,"I(V8)"
0.219169280780852,"I(V11)"
0.181569031779066,"I(V4)"
0.180037178785126,"I(V1)"
0.101869329841621,"I(V5)"
0.101416506189995,"I(V9)"
