"posterior","tree"
0.93166716912098,"I((1-(V1))&((V4)))"
0.862296442256684,"I(((V11))&((V8)))"
0.66828460387191,"I(((V5))&((V9)))"
0.333011268038088,"I(V5)"
0.332691388294963,"I(V9)"
0.141093638820172,"I(V11)"
0.13940419667909,"I(V8)"
0.0699638147646757,"I(V4)"
0.0699350211044102,"I(V1)"
