"posterior","tree"
0.928882094431966,"I(((V5))&((V9)))"
0.782222998226302,"I(((V11))&((V8)))"
0.756825334638038,"I((1-(V1))&((V4)))"
0.244534627515143,"I(V4)"
0.242433500025566,"I(V1)"
0.219973905548882,"I(V8)"
0.219417435837744,"I(V11)"
0.0730673542690864,"I(V5)"
0.0730664885157227,"I(V9)"
