"posterior","tree"
0.999973091151571,"I(((V5))&((V9)))"
0.994933897146639,"I(V8)"
0.994933886915877,"I(V11)"
0.992796934598019,"I((1-(V1))&((V4)))"
