"posterior","tree"
0.841185619663443,"I((1-(V1))&((V4)))"
0.836119791050525,"I(((V11))&((V8)))"
0.78065575832708,"I(((V5))&((V9)))"
0.221871073751717,"I(V9)"
0.221714253948224,"I(V5)"
0.16680974750085,"I(V11)"
0.165554340388822,"I(V8)"
0.161210379862856,"I(V1)"
0.161014705482837,"I(V4)"
