"posterior","tree"
0.891531339060865,"I(((V8))&((V11)))"
0.819478496670192,"I(((V5))&((V9)))"
0.784886049446954,"I(((V4))&(((1-(V1)))))"
0.21796037567249,"I(V1)"
0.217212498836026,"I(V4)"
0.182806895009973,"I(V5)"
0.182806316040847,"I(V9)"
0.111056451145831,"I(V11)"
0.110222378144526,"I(V8)"
