"posterior","tree"
0.92624112239206,"I(((V11))&((V8)))"
0.854937551022349,"I(((V4))&(1-(V1)))"
0.721605637031738,"I(((V5))&((V9)))"
0.280903049408178,"I(V9)"
0.279788504557478,"I(V5)"
0.148319421675431,"I(V1)"
0.147006565704694,"I(V4)"
0.0758566567366332,"I(V11)"
0.07558660646756,"I(V8)"
