"posterior","tree"
0.866751894581054,"I(((V4))&(1-(V1)))"
0.769701597482433,"I(((V8))&((V11)))"
0.724145335784609,"I(((V5))&((V9)))"
0.278354541599634,"I(V9)"
0.277092261815542,"I(V5)"
0.232320735951299,"I(V8)"
0.232183382066541,"I(V11)"
0.135232731339066,"I(V4)"
0.135153585618977,"I(V1)"
