"posterior","tree"
0.876453866203843,"I((1-(V1))&((V4)))"
0.856526978527689,"I(((V5))&((V9)))"
0.798111191975506,"I(((V11))&((V8)))"
0.204485118212024,"I(V11)"
0.204407875222538,"I(V8)"
0.145715506179395,"I(V5)"
0.14491524977921,"I(V9)"
0.125987341106645,"I(V1)"
0.125260439441534,"I(V4)"
