"posterior","tree"
0.93373848769633,"I((1-(V1))&((V4)))"
0.927774567603744,"I(((V5))&((V9)))"
0.595679528237455,"I(((V8))&((V11)))"
0.405465300895122,"I(V11)"
0.403936307798985,"I(V8)"
0.0742087829699591,"I(V5)"
0.074064745427074,"I(V9)"
0.0686452706000783,"I(V4)"
0.0681132658722063,"I(V1)"
