"posterior","tree"
0.905665701917954,"I(((V5))&((V9)))"
0.861178056747606,"I((1-(V1))&((V4)))"
0.634237320578089,"I(((V8))&((V11)))"
0.367691095760663,"I(V8)"
0.367433069112062,"I(V11)"
0.141341621739888,"I(V4)"
0.140138215115474,"I(V1)"
0.0970755030789062,"I(V5)"
0.0965522122170059,"I(V9)"
