"posterior","tree"
1,"I((V1)&((V4)))"
0.999999938946375,"I((V5)&((V9)))"
0.999985784133468,"I((V11)&((V8)))"
0.406465969961792,"I((V17)&((V10)))"
0.311466108559623,"I((V8)&((V2)))"
