"posterior","tree"
0.999999999999996,"I(((V21))|((V18)))"
0.999999999999996,"I(V18)"
0.999999999999996,"I(((V2))&((V9)))"
0.999999999999996,"I(V21)"
0.999999999999996,"I(V8)"
0.999999999999996,"I(V7)"
0.999999999999996,"I(((V50))&((V19)))"
0.999999999999996,"I(((V20))&((((V37))&((V12)))))"
0.999999999999996,"I(((V3))&((((V27))&((V1)))))"
0.999999999999996,"I(((V11))&((V13)))"
0.999999999999996,"I(((((V30))&((V4))))&((V17)))"
0.999999999999996,"I(((((V50))&((V19))))&((((V11))&((V13)))))"
