"posterior","tree"
0.999999999999996,"I(V8)"
0.999999999999996,"I(((V21))&((V18)))"
0.999999999999996,"I(((V50))&((V19)))"
0.999999999999996,"I(V7)"
0.999999999999996,"I(((V9))&((V2)))"
0.999999999999996,"I(((V3))&((((V1))&((V27)))))"
0.999999999999996,"I(((((V20))&((V12))))&((V37)))"
0.999999999999996,"I(((V11))&((V13)))"
0.999999999999996,"I(((((V10))&((V17))))&((((V4))&((V30)))))"
0.999999999999996,"I(((V50))&((((V11))&((V13)))))"
0.999425716277195,"I(V50)"
