"posterior","tree"
1,"I(((V50))&((V19)))"
0.999999999999999,"I(V7)"
0.999999999999999,"I(((V9))&((V2)))"
0.999999999999434,"I(V8)"
0.999999999999176,"I(((V11))&((V13)))"
0.999999999999176,"I(((((V11))&((V13))))&((((V50))&((V19)))))"
0.999999999999176,"I(((((V20))&((V37))))&((((V12)))))"
0.999999999999176,"I(((V21))&((V18)))"
0.999999999999176,"I(((V3))&((((((V27))&((V1)))))))"
0.985469597682749,"I(((V8))&((V17)))"
