"posterior","tree"
0.999999999999998,"I(V8)"
0.999999999999998,"I(V7)"
0.999999999999998,"I(((V2))&((V9)))"
0.999999999999998,"I(((((V11))&((V13))))|((((V50))&((V19)))))"
0.999999999999998,"I(((V18))&((V21)))"
0.999999999999998,"I(((((V3))&((V1))))&((V27)))"
0.999999999999998,"I(((V12))&((((V37))&((((V20)))))))"
0.999999999999998,"I(((((V10))&((V30))))&((((V4))&((V17)))))"
