"posterior","tree"
0.999999999999995,"I(((V21))&((V18)))"
0.999999999999995,"I(V7)"
0.999999999999994,"I(((V19))&((V50)))"
0.999999999989625,"I(V8)"
0.999999999518536,"I(((V9))&((V2)))"
0.999999999518534,"I(((V13))&((V11)))"
0.999999999491678,"I(((((V37))&((V20))))&((V12)))"
0.999999999491678,"I(((((V27))&((((V1))&((V3)))))))"
0.999999999491678,"I(((((V13))&((V11))))&((((V19))&((V50)))))"
0.999990001025427,"I(((((V2))&((V17))))&((((V9))&((V30)))))"
0.971833807799693,"I(((V8))&((V4)))"
