"posterior","tree"
0.999999999999997,"I(V7)"
0.999999999999997,"I(V8)"
0.999999999999997,"I(((V21))&((V18)))"
0.999999999999997,"I(((V9))&((V2)))"
0.999998355935954,"I(V30)"
0.99999835508923,"I(((V27))&((((V1))&((V3)))))"
0.99999835508923,"I(((V13))&((V11)))"
0.99999835508923,"I(((V20))&((((V37))&((V12)))))"
0.99999835508923,"I(((V19))&((V50)))"
0.99999835508923,"I(((((((V4))))&((((((V17))))&((V10)))))))"
0.99999835508923,"I(((V19))&((((V50))&((((V13))&((V11)))))))"
