"posterior","tree"
0.999999999999997,"I(((V2))&((V9)))"
0.999999999999997,"I(V8)"
0.999999999999997,"I(((((V1))&((V27))))&((V3)))"
0.999999999999997,"I(((V13))&((V11)))"
0.999999999999997,"I(V7)"
0.999999999999997,"I(((V50))&((V19)))"
0.999999999999997,"I(((V21))&((V18)))"
0.999999999999997,"I(((((V13))&((V11))))&((((V50))&((V19)))))"
0.999999999999997,"I(((V20))&((((V37))&((V12)))))"
0.999999999999997,"I(((((((((V4))&((V10))))&((V17))))&((V30)))))"
