"posterior","tree"
1,"I(((V1))&((((V3))&((V27)))))"
0.999999999999998,"I(V7)"
0.999999999999998,"I(((V18))&((V21)))"
0.999999999999998,"I(V8)"
0.999999999999998,"I(((((V12))&((V20))))&((V37)))"
0.999999999999998,"I(((V13))&((V11)))"
0.999999999999998,"I(((V19))&((V50)))"
0.999999999999998,"I(((V9))&((V2)))"
0.999999999999998,"I(((((((V4))&((V10))))&((V17))))&((V30)))"
0.999999999999998,"I(((((V13))&((V11))))&((((V19))&((V50)))))"
