"posterior","tree"
0.999999999999993,"I(((V19))&((V50)))"
0.999999999999993,"I(((((V12))&((V20))))&((V37)))"
0.999999999999993,"I(((((V1))&((V3))))&((((V27))&((V1)))))"
0.999999999999993,"I(V8)"
0.999999999999993,"I(((((V30))&((V17))))&((V10)))"
0.999999999999993,"I(((V21))&((V18)))"
0.999999999999993,"I(((V13))&((V11)))"
0.999999999999993,"I(((((V11))&((((V19))&((V50))))))&((((V13)))))"
0.999999999999993,"I(((V9))&((V2)))"
0.999999998231686,"I(V7)"
0.999429459795209,"I(((V7))|((V4)))"
