"posterior","tree"
0.999999999999995,"I(V8)"
0.999999999999995,"I(V7)"
0.999996765633143,"I(((V21))&((V18)))"
0.999996765633143,"I(((V13))&((V11)))"
0.999996765633141,"I(((((V19))&((V50)))))"
0.999996765633141,"I(((((((V3))&((((V27))&((V1)))))))))"
0.999996765633141,"I(((((((V13))&((V11))))&((((((V19))&((V50)))))))))"
0.999996765633141,"I(((V37))&((((V20))&((V12)))))"
0.999995104543971,"I(((V9))&((V2)))"
