"posterior","tree"
0.999999999999582,"I(V7)"
0.999999999969515,"I(V8)"
0.999999999689578,"I(((V18))&((V21)))"
0.999999999689578,"I(((V19))&((V50)))"
0.999999962555157,"I(((V9))&((V2)))"
0.999999962555157,"I(((V13))&((V11)))"
0.999999962555157,"I(((((V27))&((V1))))&((V3)))"
0.999999962555157,"I(((((V13))&((((((V19))&((V50))))&((V11)))))))"
0.999999962555157,"I(((V20))&((((V37))&((V12)))))"
0.999997748195472,"I(V30)"
0.999570625296423,"I(V4)"
