"posterior","tree"
0.999999999999992,"I(V8)"
0.999999999999891,"I(((V2))&((V9)))"
0.999999999999804,"I(((V13))&((V11)))"
0.999999999999747,"I(((V12))&((((V20))&((V37)))))"
0.999999999996943,"I(V7)"
0.999999818152076,"I(((V21))&((V18)))"
0.999999818151949,"I(((V1))&((((V27))&((V3)))))"
0.999999818151892,"I(((V50))&((V19)))"
0.999999818151861,"I(((((V50))&((V19))))&((((V13))&((V11)))))"
