"posterior","tree"
1,"I(((V50))&((V19)))"
0.999999999999999,"I(V8)"
0.999999999999999,"I(((V11))&((((V13))|((((V50))&((V19)))))))"
0.999999999999999,"I(((V11))&((((V50))&((V19)))))"
0.999999999999999,"I(V7)"
0.999999999999999,"I(((V21))&((V18)))"
0.999999999999999,"I(((V2))&((V9)))"
0.999999999999999,"I(((V27))&((((V1))&((V3)))))"
0.999999999999999,"I(((V37))&((((V12))&((V20)))))"
0.999999999999999,"I(((((V30))&((V10))))&((V17)))"
