"posterior","tree"
0.999999999999996,"I(V7)"
0.999999999999996,"I(V8)"
0.999999999999996,"I(((V21))&((V18)))"
0.999999999999996,"I(((((V4))&((((V30))&((V17))))))&((V10)))"
0.999999999999996,"I(((V13))&((V11)))"
0.999999999999996,"I(((V19))&((V50)))"
0.999999999999996,"I(((V2))&((V9)))"
0.999999999999996,"I(((V1))&((((V27))&((V3)))))"
0.999999999999996,"I(((((V19))&((V50))))&((((V13))&((V11)))))"
0.999999999999996,"I(((((V12))&((V37))))&((V20)))"
