"posterior","tree"
0.999999999999998,"I(V8)"
0.999999999999998,"I(((V18))&((V21)))"
0.999999999999998,"I(V7)"
0.99999999758303,"I(V2)"
0.999999997581644,"I(V9)"
0.999999997580489,"I(((((V50))&((V19))))|((((V13))&((V11)))))"
0.999999997580489,"I(((V3))&((((V1))&((V27)))))"
0.999999997580489,"I(((V12))&((((V37))&((V20)))))"
0.999999997580489,"I(((((V4))&((V17))))&((((V10))&((((V30))&((V4)))))))"
0.999999997580108,"I(((V9))&((((V2))&((V21)))))"
0.476897848784048,"I(V21)"
