"posterior","tree"
0.999999999999999,"I(V7)"
0.999999999999999,"I(((V11))&((V13)))"
0.999999999999999,"I(V8)"
0.999999999999999,"I(((V19))&((V50)))"
0.999999999999999,"I(((V2))&((V9)))"
0.999999999999999,"I(((V37))&((((V12))&((V20)))))"
0.999999999999999,"I(((V18))&((V21)))"
0.999999999999999,"I(((V27))&((((V1))&((V3)))))"
0.999999999999999,"I(((((V19))&((V50))))&((((V11))&((V13)))))"
0.999999999999999,"I(((((((V30))&((V10))))&((V17))))&((V4)))"
