"posterior","tree"
0.999999999999998,"I(((V2))&((V9)))"
0.999999999999998,"I(V7)"
0.999999999999998,"I(((((V50))&((V19))))|((((V13))&((V11)))))"
0.999999999999998,"I(((V20))&((((V37))&((V12)))))"
0.999999999999998,"I(V8)"
0.999999999999998,"I(((((V30))))&((((((V17))&((V4))))&((V10)))))"
0.999999999999998,"I(((((V21))))&((V18)))"
0.999999999999998,"I(((((V1))&((V3))))&((V27)))"
