"posterior","tree"
0.999999999999997,"I(((V50))&((V19)))"
0.999999999999997,"I(V8)"
0.999999999999997,"I(((V21))&((V18)))"
0.999999999999946,"I(((((((V20))&((V37))))))&((V12)))"
0.999999999999946,"I(((((V13))&((V11)))))"
0.999999999999946,"I(((((((V13))&((V11))))))&((((V50))&((V19)))))"
0.999999999999946,"I(((((V4))&((V17))))&((((V10))&((V4)))))"
0.999999999999946,"I(((V9))&((V2)))"
0.999999999999946,"I(((V3))&((((V27))&((V1)))))"
0.999999999999172,"I(V7)"
