"posterior","tree"
0.999999999999998,"I(V7)"
0.999999999999998,"I(V8)"
0.999999999999998,"I(((V50))&((V19)))"
0.999999999999998,"I(((V18))&((V21)))"
0.999999999999998,"I(((V2))&((V9)))"
0.999999999999998,"I(((V13))&((V11)))"
0.999999999999998,"I(((((V4))&((V17))))&((((V30))&((V10)))))"
0.999999999999998,"I(((((V3))&((((V27))&((V1)))))))"
0.999999999999998,"I(((((V37))&((((V12))&((V20)))))))"
0.999999999999998,"I(((((V50))&((V19))))&((((((V13))&((V11)))))))"
