"posterior","tree"
1,"I(((V2))&((V9)))"
0.999999999999995,"I(((V27))&((((V3))&((V1)))))"
0.999999999999995,"I(V8)"
0.999999999999995,"I(((V13))&((V11)))"
0.999999999999995,"I(((V12))&((((V37))&((V20)))))"
0.999999999999995,"I(((V18))&((((V21)))))"
0.999999999999995,"I(((V30))&((V17)))"
0.999999999999995,"I(((V19))&((V50)))"
0.999999999999995,"I(((((V13))&((((V19))&((V50))))))&((V11)))"
0.99999999607145,"I(V7)"
0.988850627397122,"I(((V7))&((V10)))"
