"posterior","tree"
0.999999999999993,"I(((V21))&((V18)))"
0.999999999999993,"I(V8)"
0.999999999999993,"I(V7)"
0.999999999999993,"I(((V11))&((V13)))"
0.999999999999993,"I(((V2))&((V9)))"
0.999999999999993,"I(((V19))&((V50)))"
0.999999999999993,"I(((((V12))&((V20))))&((V37)))"
0.999999999999993,"I(((V3))&((((V27))&((V1)))))"
0.999999999999993,"I(((((((V11))&((V13))))&((((V19))&((V50)))))))"
0.991578819424722,"I(((((V17))&((V30))))&((V4)))"
