"posterior","tree"
1,"I(((V3))&((((V1))&((V27)))))"
0.999999999999998,"I(((V2))&((V9)))"
0.999999999999998,"I(V8)"
0.999999999999998,"I(((V18))&((V21)))"
0.999999999999994,"I(((V19))&((V50)))"
0.999999999999994,"I(((V12))&((((V20))&((V37)))))"
0.999999999999543,"I(((V11))&((V13)))"
0.999999999999539,"I(((((V11))&((V13))))&((((V19))&((V50)))))"
0.999999931271546,"I(V7)"
0.999401839406571,"I(((((V17))&((V4))))&((V30)))"
0.808320232393222,"I(((V8))&((V10)))"
