"posterior","tree"
0.999999999999997,"I(V8)"
0.999999999999997,"I(((V21))&((V18)))"
0.999999999999997,"I(V7)"
0.999999999999997,"I(((((V13))&((V11))))|((((V19))&((V50)))))"
0.999999999999997,"I(((((V4))&((V17))))&((V10)))"
0.999999999999997,"I(((V27))&((((V3))&((V1)))))"
0.999999999999997,"I(((V2))&((V9)))"
0.999999999999997,"I(((((V12))&((((V37))&((V20)))))))"
0.999999999999994,"I(V30)"
