"posterior","tree"
0.999999999999998,"I(((((V13))&((V11))))|((((((V19))&((V50)))))))"
0.999999999999998,"I(V7)"
0.999999999999998,"I(((V2))&((V9)))"
0.999999999999998,"I(((((V12))&((V20))))&((V37)))"
0.999999999999998,"I(((V18))&((V21)))"
0.999999999999998,"I(V8)"
0.999999999999998,"I(((((V3))&((V27))))&((((V1))&((V27)))))"
0.999999999999998,"I(((((((V30))&((V10))))&((V4))))&((V17)))"
