"posterior","tree"
0.999999999999995,"I(V8)"
0.999999999999995,"I(V7)"
0.999999999999995,"I(((V18))&((V21)))"
0.999999999999995,"I(((V2))&((V9)))"
0.999999999999995,"I(((V19))&((V50)))"
0.999999999999995,"I(((((V11))))&((V13)))"
0.999999999999995,"I(((((V19))&((V50))))&((((((V11))))&((V13)))))"
0.999999999999995,"I(((((V3))&((V1))))&((((V27))&((V3)))))"
0.999999999999995,"I(((((V20))&((V37))))&((V12)))"
0.999999999999995,"I(((((V4))&((V17))))&((((((V10))&((V30)))))))"
