"posterior","tree"
0.999999999999996,"I(((V21))&((V18)))"
0.999999999999996,"I(((V11))&((V13)))"
0.999999999999996,"I(((V50))&((V19)))"
0.999999999999996,"I(((((V50))&((V19))))&((((V11))&((V13)))))"
0.999999999999996,"I(((V9))&((V2)))"
0.999999999999996,"I(V8)"
0.999999999999996,"I(V7)"
0.999999999999996,"I(((V4))&((((((V17))&((V30))))&((V10)))))"
0.999999999999996,"I(((V27))&((((V3))&((V1)))))"
0.999999999999996,"I(((((V12))&((V37))))&((((V20))&((V12)))))"
