"posterior","tree"
0.999999999999997,"I(((V2))&((V9)))"
0.999999999999997,"I(V7)"
0.999999999944681,"I(((V13))&((V11)))"
0.999999998891683,"I(((V1))&((((V3))&((V27)))))"
0.999999998891173,"I(((V12))&((((V20))&((V37)))))"
0.99988340853089,"I(V8)"
0.999575927260644,"I(((V19))&((V50)))"
0.999575926207937,"I(((V18))&((V21)))"
0.999575926152111,"I(((((((V13))&((((V19))&((V50))))))&((V11)))))"
0.695110895952206,"I(((((V1))&((V30))))&((V17)))"
0.111667190798981,"I(((((V8))&((V17))))&((V30)))"
