"posterior","tree"
0.999999999999991,"I(V8)"
0.999999999999991,"I(((V2))&((V9)))"
0.999999999998066,"I(((((V19))&((V50))))|((((((V11))&((V13)))))))"
0.999999999998066,"I(((V21))&((V18)))"
0.999999999998066,"I(((V37))&((((V12))&((V20)))))"
0.999999999998066,"I(((((V27))&((V3))))&((V1)))"
0.999999991827383,"I(V7)"
0.995962081805707,"I(((V9))&((V4)))"
0.847399636702713,"I(((V7))&((V30)))"
0.805938852168432,"I(((V11))&((V17)))"
