"posterior","tree"
0.999999999999995,"I(((V18))|((V21)))"
0.999999999999995,"I(V21)"
0.999999999999995,"I(V18)"
0.999999999999995,"I(((((V13))&((V11))))|((((V19))&((V50)))))"
0.999999999999995,"I(V30)"
0.999999999999995,"I(((((V3))&((((V1))&((V27)))))))"
0.999999999999995,"I(((((V17))&((V10))))&((V4)))"
0.999999999999995,"I(V7)"
0.999999999999995,"I(V8)"
0.999999999999995,"I(((V9))&((V2)))"
0.999999999999995,"I(((V20))&((((V37))&((V12)))))"
