"posterior","tree"
0.999999999999996,"I(((((V19))&((V50))))|((((V11))&((V13)))))"
0.999999999999996,"I(V8)"
0.999999999999996,"I(((V18))&((V21)))"
0.999999999999996,"I(((((V37))&((V12))))&((((V20)))))"
0.999999999999996,"I(((V9))&((V2)))"
0.999999999999996,"I(((((V27))&((V3))))&((V1)))"
0.999999999999831,"I(((V10))&((V4)))"
0.999999999998942,"I(V7)"
0.99999999899002,"I(((((V10))|((V40))))&((V17)))"
0.999671571546324,"I(((V7))&((V30)))"
