"posterior","tree"
0.999999999999996,"I(((V2))&((V9)))"
0.999999999999996,"I(((((((V13))&((V11))))|((((V19))&((V50)))))))"
0.999999999999996,"I(V8)"
0.999999999999996,"I(V7)"
0.999999999999996,"I(((((V37))&((V12))))&((V20)))"
0.999999999999996,"I(((V18))&((V21)))"
0.999999999999996,"I(((V27))&((((V1))&((V3)))))"
0.999999999999996,"I(((V10))&((((V30))&((V4)))))"
