"posterior","tree"
0.999999999999993,"I(V8)"
0.999999999999993,"I(V7)"
0.999999998443685,"I(((V18))&((V21)))"
0.999991753310427,"I(((V2))&((V9)))"
0.999991753310427,"I(((V20))&((((V37))&((V12)))))"
0.999991751754119,"I(((((V13))&((V11))))|((((V50))&((V19)))))"
0.999991751754119,"I(((((V27))&((V3))))&((V1)))"
0.999991751754119,"I(((((V4))))&((((V10))&((V30)))))"
