"posterior","tree"
1,"I(((V1))&((((V3))&((V27)))))"
0.999999999999998,"I(((V2))&((V9)))"
0.999999999999996,"I(V8)"
0.999999999999922,"I(((V18))&((V21)))"
0.999999999999532,"I(V7)"
0.999999243126721,"I(((((V20))&((V37))))&((V12)))"
0.999944315670404,"I(((((V19))&((V50))))|((((((V11))&((V13)))))))"
0.873347635545499,"I(((V8))&((V4)))"
