"posterior","tree"
1,"I(((((((V19))&((V50))))&((((V11))&((V13)))))))"
0.999999999999999,"I(((V11))&((V13)))"
0.999999999999999,"I(V8)"
0.999999999999999,"I(((V9))&((V2)))"
0.999999999999999,"I(V7)"
0.999999999999999,"I(((((V27))&((V1))))&((((V1))&((V3)))))"
0.999999999999999,"I(((V21))&((V18)))"
0.999999999999999,"I(((((V10))&((((V30))&((V17))))))&((V4)))"
0.999999999999999,"I(((V19))&((V50)))"
0.999999999999999,"I(((((V20))&((V12))))&((V37)))"
