"posterior","tree"
0.999999999999996,"I(V8)"
0.999999999999996,"I(((V11))&((V13)))"
0.999999999999996,"I(((V18))&((V21)))"
0.999999999999996,"I(((V9))&((V2)))"
0.999999999999996,"I(((V3))&((((V27))&((V1)))))"
0.999999999999996,"I(V7)"
0.999999999999996,"I(((((((V17))&((V4))))&((V10))))&((V30)))"
0.999999999999996,"I(((((((V37))&((V20))))&((((V12))&((V37)))))))"
0.999999999999996,"I(((V19))&((V50)))"
0.999999999999996,"I(((((V19))&((V50))))&((((V11))&((V13)))))"
