"posterior","tree"
0.999999999999994,"I(V8)"
0.999999999999994,"I(((((V27))&((V1))))&((V3)))"
0.999999999999994,"I(((V21))&((V18)))"
0.999999999999994,"I(((((V50))&((((V19))))))|((((V13))&((V11)))))"
0.999999999999994,"I(V7)"
0.999999999999994,"I(((V2))&((V9)))"
0.999999999999994,"I(((((((V19))&((V10))))&((V17))))&((V4)))"
0.999999999999994,"I(((((V12))&((V20))))&((V37)))"
0.147734054382593,"I(V19)"
0.0531187601687567,"I(V18)"
