"posterior","tree"
0.999999999999994,"I(V7)"
0.999999999999994,"I(((V9))&((V2)))"
0.999999999999993,"I(((V21))&((V18)))"
0.999999999999988,"I(((V13))&((V11)))"
0.999999999999988,"I(((V27))&((((V3))&((V1)))))"
0.999999999999988,"I(((V19))&((V50)))"
0.999999999999988,"I(((((V13))&((((V11))&((((V19))&((V50)))))))))"
0.999999999999988,"I(((((V10))&((V17))))&((V30)))"
0.999999999999988,"I(((((V20))&((V12))))&((V37)))"
0.999999907321618,"I(((((V19))&((V50))))|((V4)))"
0.999999879437481,"I(V8)"
