"posterior","tree"
1,"I(((V2))&((V9)))"
1,"I(((V11))&((V13)))"
1,"I(((V18))&((V21)))"
1,"I(((V10))&((V30)))"
0.999999999999999,"I(V7)"
0.999999999999677,"I(V8)"
0.999997744832746,"I(((V19))&((V50)))"
0.999997744832746,"I(((V27))&((((V3))&((V1)))))"
0.999997744832746,"I(((V37))&((((V20))&((V12)))))"
0.999997744832746,"I(((((V19))&((V50))))&((((V11))&((V13)))))"
0.959756475465256,"I(((V8))&((V17)))"
