"posterior","tree"
0.999999999999995,"I(V7)"
0.999999999999995,"I(V8)"
0.999999999999995,"I(((V50))&((V19)))"
0.999999999999995,"I(((V2))&((V9)))"
0.999999999999995,"I(((((V20))&((V12))))&((V37)))"
0.999999999999995,"I(((V11))&((V13)))"
0.999999999999995,"I(((V27))&((((V3))&((V1)))))"
0.999999999999995,"I(((V21))&((V18)))"
0.999999999999995,"I(((((V10))&((V17))))&((((((V17))&((V4))))&((V30)))))"
0.999999999999995,"I(((((V50))&((V19))))&((((V11))&((V13)))))"
