"posterior","tree"
1,"I(((V2))&((V9)))"
0.999999999999996,"I(V8)"
0.999999999999996,"I(((V11))&((V13)))"
0.999999999999996,"I(V7)"
0.999999999999996,"I(((V37))&((((V20))&((V12)))))"
0.999999999999996,"I(((V21))&((V18)))"
0.999999999999996,"I(((V3))&((((V27))&((V1)))))"
0.999999999999996,"I(((((V4))&((((V30))&((V10))))))&((V17)))"
0.999999999999996,"I(((V50))&((V19)))"
0.999999999999996,"I(((((V11))&((V13))))&((((V50))&((V19)))))"
