"posterior","tree"
0.999999999999998,"I(V8)"
0.999999999999998,"I(V7)"
0.999999999999998,"I(((V2))&((V9)))"
0.999999999999998,"I(((((V37))&((V12))))&((V20)))"
0.999999999999998,"I(((((V4))&((V10))))&((V30)))"
0.999999999999998,"I(((V1))&((((V27))&((V3)))))"
0.999999999999998,"I(((V21))&((V18)))"
0.999975271233662,"I(V50)"
0.999975245861968,"I(((((V50))|((((V13))&((V11)))))))"
0.999975245861968,"I(((V50))&((((V19))|((((V13))&((V11)))))))"
