"posterior","tree"
0.999999999999998,"I(V7)"
0.999999999999998,"I(V8)"
0.999999999999937,"I(((V13))&((V11)))"
0.999999999999937,"I(((V18))&((V21)))"
0.999999999999937,"I(((V50))&((V19)))"
0.999999999999937,"I(((V17))&((V30)))"
0.999999999999937,"I(((((V3))&((V27))))&((V1)))"
0.999999999999937,"I(((V2))&((V9)))"
0.999999999999937,"I(((((V13))&((V11))))&((((V50))&((V19)))))"
0.999999999999937,"I(((V20))&((((V37))&((V12)))))"
0.99999999999981,"I(((V17))&((V4)))"
0.999273156287145,"I(V17)"
