"posterior","tree"
0.999999999999996,"I(((((V13))))&((V11)))"
0.999999999999996,"I(((V19))&((V50)))"
0.999999999999996,"I(((((((V13))))&((V11))))&((((V19))&((V50)))))"
0.999999999999996,"I(((V9))&((V2)))"
0.999999999999996,"I(V7)"
0.999999999999996,"I(V8)"
0.999999999999996,"I(((V21))&((V18)))"
0.999999999999996,"I(((((V27))&((V1))))&((V3)))"
0.999999999999996,"I(((((V37))&((V20))))&((V12)))"
0.999999999999996,"I(((((V30))&((V10))))&((V17)))"
