"posterior","tree"
0.999999999999996,"I(((((V3))&((V1))))&((V27)))"
0.999999999999996,"I(V7)"
0.999999999999996,"I(((V18))&((V21)))"
0.999999999999996,"I(V8)"
0.999999999999996,"I(((((V20))&((V37))))&((((V12)))))"
0.999999999999996,"I(((V9))&((V2)))"
0.999999999999996,"I(((V19))&((V50)))"
0.999999999999996,"I(((V11))&((V13)))"
0.999999999999996,"I(((((V30))))&((((V4))&((((V17))&((V10)))))))"
0.999999999999996,"I(((((V19))&((V50))))&((((V11))&((V13)))))"
