"posterior","tree"
0.999999999999994,"I(((V2))&((V9)))"
0.999999999999994,"I(((V21))&((V18)))"
0.999999999999972,"I(V8)"
0.99999999875926,"I(((((V3))&((V1))))&((V27)))"
0.99999999875926,"I(((V12))&((((V37))&((((V20)))))))"
0.999999980734347,"I(V7)"
0.999987785035223,"I(((((V19))&((V50))))|((((V11))&((V13)))))"
0.98361982153893,"I(((V7))&((V10)))"
