"posterior","tree"
0.999999999999999,"I(V8)"
0.999999999999999,"I(((((V3))&((((((V27))&((V1)))))))))"
0.999999999999999,"I(V7)"
0.999999999999999,"I(((V9))&((V2)))"
0.999999999999999,"I(((V21))&((V18)))"
0.999999999999999,"I(((((V17))&((V30))))&((((V10))&((V4)))))"
0.999999999999999,"I(((((((V37))&((V12))))&((V20)))))"
0.999999999930534,"I(((((V11))&((V13))))|((((V19))&((V50)))))"
