"posterior","tree"
1,"I(((V13))&((V11)))"
0.999999999999993,"I(((V19))&((V50)))"
0.999999999999993,"I(((V18))&((V21)))"
0.999999999999993,"I(V8)"
0.999999999999993,"I(((((V3))&((V27))))&((V1)))"
0.999999999999993,"I(((((((V19))&((V50))))&((V13))))&((((V11)))))"
0.999999999999993,"I(V7)"
0.999999999999993,"I(((V2))&((V9)))"
0.999999999999993,"I(((((V20))&((((V12))&((V37)))))))"
0.9949287659222,"I(((((V30))&((V10))))&((V4)))"
