"posterior","tree"
1,"I(((((V10))&((((V30))&((V17))))))&((V4)))"
0.999999999999994,"I(V8)"
0.999999999999994,"I(V7)"
0.999999999999994,"I(((V21))&((V18)))"
0.99999999994025,"I(((V13))&((V11)))"
0.99999999994025,"I(((V27))&((((V3))&((V1)))))"
0.99999999994025,"I(((V20))&((((V37))&((V12)))))"
0.99999999994025,"I(((V2))&((V9)))"
0.99999999994025,"I(((V19))&((V50)))"
0.99999999994025,"I(((((V19))&((V50))))&((V11)))"
0.999997239964961,"I(V11)"
