"posterior","tree"
0.999999999999998,"I(((V12))&((((V20))&((V37)))))"
0.999999999999998,"I(((V19))&((V50)))"
0.999999999999998,"I(((V27))&((((V3))&((V1)))))"
0.999999999999998,"I(V7)"
0.999999999999998,"I(((V13))&((V11)))"
0.999999999999998,"I(((V2))&((V9)))"
0.999999999999998,"I(((((V4))&((V10))))&((V17)))"
0.999999999999998,"I(((V21))&((V18)))"
0.999999999999998,"I(((((V50))&((V19))))&((((V13))&((V11)))))"
0.999999975198995,"I(V8)"
0.984434815294233,"I(((V8))&((V30)))"
