"posterior","tree"
1,"I(((((V30))))&((((((V4))&((V17))))&((V10)))))"
0.999999999999997,"I(V7)"
0.999999999999997,"I(((V21))&((V18)))"
0.999999999999997,"I(((V11))&((V13)))"
0.999999999999997,"I(((V37))&((((V20))&((V12)))))"
0.999999999999997,"I(V8)"
0.999999999999997,"I(((V3))&((((V27))&((V1)))))"
0.999999999999997,"I(((V9))&((V2)))"
0.999999999999997,"I(((((V50))&((V19)))))"
0.999999999999997,"I(((((((V11))&((V13))))&((V19))))&((((((V50))&((V19)))))))"
