"posterior","tree"
0.999999999999995,"I(((V9))&((V2)))"
0.999999999999995,"I(((((((((V17))&((V4))))&((V10))))&((V30)))))"
0.999999999999995,"I(V7)"
0.999999999999995,"I(((V18))&((V21)))"
0.999999999999995,"I(V8)"
0.999999999999995,"I(((V13))&((V11)))"
0.999999999999995,"I(((V19))&((V50)))"
0.999999999999995,"I(((((V19))&((V50))))&((((V13))&((V11)))))"
0.999999999999995,"I(((((V27))&((V1))))&((V3)))"
0.999999999999995,"I(((V12))&((((V37))&((V20)))))"
