"posterior","tree"
0.999999999999999,"I(V8)"
0.999999999999999,"I(V7)"
0.999999999999999,"I(((V9))&((V2)))"
0.999996388824238,"I(V19)"
0.999996385032941,"I(((V21))&((V18)))"
0.999996385032941,"I(((((V37))&((V12))))&((((V20))&((V12)))))"
0.999996385032941,"I(((V19))|((((V13))&((V11)))))"
0.999996385032941,"I(((((((V13))&((V11))))|((V50))))&((V19)))"
0.999996385032941,"I(((V4))&((((((V17))&((V30))))&((V10)))))"
0.999996385032941,"I(((V27))&((((V1))&((V3)))))"
