"posterior","tree"
0.999999999999997,"I(V7)"
0.999999999999997,"I(((V18))&((V21)))"
0.999999999999997,"I(((V37))&((((V12))&((V20)))))"
0.999999999999997,"I(((V11))&((((V13)))))"
0.999999999999997,"I(V8)"
0.999999999999997,"I(((V9))&((V2)))"
0.999999999999997,"I(((V10))&((((((V17))&((V4))))&((V30)))))"
0.999999999999997,"I(((V50))&((V19)))"
0.999999999999997,"I(((((V50))&((V19))))&((((V11))&((((V13)))))))"
0.999999999999997,"I(((((V1))&((V27))))&((V3)))"
