"posterior","tree"
0.999999999999996,"I(((V21))&((V18)))"
0.999999999999996,"I(((V2))&((V9)))"
0.999999999999996,"I(((((V10))&((V4))))&((V30)))"
0.999999999999996,"I(((V13))&((V11)))"
0.999999999999996,"I(V8)"
0.999999999999996,"I(V7)"
0.999999999999996,"I(((V19))&((V50)))"
0.999999999999996,"I(((V3))&((((V27))&((V1)))))"
0.999999999999996,"I(((((V20))&((V12))))&((V37)))"
0.999999999999996,"I(((((V13))&((V11))))&((((V19))&((V50)))))"
