"posterior","tree"
1,"I(((((((V12))&((V37))))&((V20)))))"
0.999999999999996,"I(((V19))&((V50)))"
0.999999999999996,"I(((V13))&((V11)))"
0.999999999999996,"I(V7)"
0.999999999999996,"I(V8)"
0.99999999999973,"I(((V2))&((V9)))"
0.99999999999973,"I(((((V19))&((V50))))&((((V13))&((V11)))))"
0.99999999999973,"I(((V21))&((V18)))"
0.99999999999973,"I(((((V1))&((V27))))&((((V3))&((V27)))))"
0.99999999999973,"I(((((V17))&((V30))))&((((V10))&((V4)))))"
