"posterior","tree"
0.999999999999995,"I(V8)"
0.999999999999995,"I(((V9))&((V2)))"
0.999999999999995,"I(V7)"
0.999999999999995,"I(((V19))&((V50)))"
0.999999999999995,"I(((((V18))&((V21)))))"
0.999999999999995,"I(((((V10))&((V17))))&((V4)))"
0.999999999999995,"I(((V11))&((V13)))"
0.999999999999995,"I(((((V19))&((V50))))&((((((V11))&((V13))))&((V19)))))"
0.999999999999995,"I(((((V27))&((V1))))&((V3)))"
0.999999999999995,"I(((V12))&((((V20))&((V37)))))"
0.999731189324157,"I(((V8))&((V30)))"
