"posterior","tree"
0.999999988166047,"I(((V2))&((V9)))"
0.922060209226922,"I(((V12))&((((V7))&((V20)))))"
0.647837657681429,"I(V10)"
0.614147618382876,"I(V4)"
0.597059491043872,"I(((V17))&((V30)))"
0.274922064581289,"I(((V17))&((((V4))&((V10)))))"
0.0802243613986306,"I(V7)"
0.0779215949818788,"I(((((V17))&((((V10))&((V4))))))&((V30)))"
0.051801196242237,"I(((V12))&((V20)))"
