"posterior","tree"
0.999999999999999,"I(V12)"
0.999999999999999,"I(((V2))&((V9)))"
0.999999999999999,"I(((V7))&((V20)))"
0.999999999999999,"I(((((V4))&((((V17))&((V10))))))&((V30)))"
