"posterior","tree"
0.999999999999998,"I(((V2))&((V9)))"
0.888267938663869,"I(((((V30))&((((V4))&((V10))))))&((V17)))"
0.448721863704145,"I(V20)"
0.447554362142716,"I(((V12))&((V7)))"
0.441895337069486,"I(V12)"
0.440713576521152,"I(((V20))&((V7)))"
0.113600497997419,"I(V30)"
0.111727378471679,"I(((((V7))))&((((V12))&((V20)))))"
0.108504818150414,"I(((V17))&((((V4))&((V10)))))"
