"posterior","tree"
0.903534626907953,"I(((V2))&((V9)))"
0.870506456524613,"I(((V10))&((((V17))&((((V4))&((V30)))))))"
0.821410486328786,"I(((V12))&((((V7))&((V20)))))"
0.180179236463202,"I(V20)"
0.133222270515072,"I(((V12))&((V7)))"
0.117623006548305,"I(V17)"
0.102842428992171,"I(((V30))&((((V10))&((V4)))))"
0.0982389014293567,"I(V2)"
0.0982385663376509,"I(V9)"
