"posterior","tree"
0.999999999999996,"I(((V2))&((V9)))"
0.952412010635076,"I(V20)"
0.952298642651747,"I(((((V17))&((((V30))&((V10))))))&((V4)))"
0.952298642651742,"I(((V7))&((V12)))"
