"posterior","tree"
0.98399935401218,"I(((V12))&((((V7))&((V20)))))"
0.899255841475587,"I(((V2))&((V9)))"
0.763264925588415,"I(((V10))&((((V4))&((((V17))&((V30)))))))"
0.115374627637253,"I(V10)"
0.108654380871903,"I(((V4))&((((V17))&((V30)))))"
0.102483795858293,"I(V2)"
0.102483702965354,"I(V9)"
0.0685741698058744,"I(V17)"
0.0681357890251002,"I(V30)"
0.0617549402342209,"I(((V4))&((((V30))&((V10)))))"
0.0613151683957332,"I(((((V4))&((V17))))&((V10)))"
