"posterior","tree"
0.99922129608373,"I(((((((V10))&((V4))))&((V17))))&((V30)))"
0.90641487811579,"I(((V2))&((V9)))"
0.695831040983092,"I(((V12))&((((V20))&((V7)))))"
0.304182160986407,"I(((V20))&((V7)))"
0.304002067287374,"I(V12)"
0.0953489304964749,"I(V9)"
0.0953452171441391,"I(V2)"
