"posterior","tree"
0.999999999999994,"I(((V2))&((V9)))"
0.999999999914877,"I(((((V12))&((V20))))&((V7)))"
0.523930127325111,"I(V30)"
0.46945215497761,"I(((V10))&((((V17))&((V4)))))"
0.275928636446015,"I(V17)"
0.2665102468921,"I(V10)"
0.241174485151748,"I(((V17))&((((V4))&((V30)))))"
0.235945479123813,"I(((((V4))&((V30))))&((V10)))"
