"posterior","tree"
0.998883321534308,"I(((((((V12))))&((V20))))&((V7)))"
0.997720535788489,"I(((((V4))&((V10))))&((((V30))&((V17)))))"
0.858984273165675,"I(((V9))&((V2)))"
0.142613065080754,"I(V2)"
0.142613063834969,"I(V9)"
