"posterior","tree"
0.999998945110951,"I(((((((V12))))))&((((V20))&((V7)))))"
0.997698014578863,"I(((((((V17))&((V4))))&((V30))))&((V10)))"
0.86027047706736,"I(((V2))&((V9)))"
0.141328862567212,"I(V9)"
0.141328674541375,"I(V2)"
