"posterior","tree"
0.999999996546736,"I(((((((V12))))&((V7))))&((V20)))"
0.892369047588913,"I(((V2))&((V9)))"
0.814287495454274,"I(((((((((V30))))))&((((V4))&((V17))))))&((V10)))"
0.128277572355489,"I(V10)"
0.117285697412501,"I(((((((V30))))))&((((V4))&((V17)))))"
0.109336548441682,"I(V9)"
0.109332516160353,"I(V2)"
0.0702129869115263,"I(V30)"
0.059098357894056,"I(((((((V4))&((V17))))))&((V10)))"
