"posterior","tree"
1,"I(((V2))&((V9)))"
0.999989945460527,"I(((((V12))&((V7))))&((V20)))"
0.992444136447637,"I(V30)"
0.578290105953024,"I(((V10))&((((V17))&((V4)))))"
0.345875419029354,"I(V17)"
0.344471830002852,"I(((V10))&((V4)))"
0.0792512038205768,"I(V10)"
0.0772413237440759,"I(((V17))&((V4)))"
