"posterior","tree"
0.930302588560055,"I(((((((V17))&((V10))))&((V30))))&((V4)))"
0.919248670047658,"I(((V2))&((V9)))"
0.91136493420089,"I(((((V12))&((V7))))&((V20)))"
0.090368996676725,"I(V20)"
0.0825077736793126,"I(V9)"
0.0825073883734713,"I(V2)"
0.0563716221850587,"I(((V7))&((V12)))"
