"posterior","tree"
0.981025018124529,"I(((V20))&((((V12))&((V7)))))"
0.883678264357298,"I(((V2))&((V9)))"
0.855867067840014,"I(((((V4))&((((V17))&((V10))))))&((V30)))"
0.118014683570732,"I(V9)"
0.118014339884769,"I(V2)"
0.0843096522561142,"I(V30)"
0.0842603779802969,"I(V17)"
0.0616309254476242,"I(((((V4))&((((V17))&((V10)))))))"
0.0615815531024937,"I(((((((V4))&((V10))))))&((V30)))"
