"posterior","tree"
0.999998646997436,"I(((V2))&((V9)))"
0.697693967062013,"I(((((V7))&((V12))))&((V20)))"
0.534675298028575,"I(V17)"
0.458026774943752,"I(((((V10))&((V30))))&((V4)))"
0.303800778000405,"I(V12)"
0.30230399434431,"I(((((V30))&((V4))))&((((V10))&((V17)))))"
0.246943728001429,"I(((V7))&((V20)))"
0.164136675468008,"I(((V10))&((V30)))"
0.164019673712343,"I(((V4))&((V17)))"
0.0774985925716111,"I(V30)"
0.0573739321842328,"I(V7)"
0.0573728822558744,"I(V20)"
