"posterior","tree"
0.937949017835967,"I(((((((V4))&((V17))))&((V10))))&((V30)))"
0.904396927278893,"I(((V2))&((V9)))"
0.75967165589808,"I(((((V12))&((V7))))&((V20)))"
0.162068528125566,"I(V12)"
0.16044637007415,"I(((V20))&((V7)))"
0.097361395737294,"I(V9)"
0.0973612899070083,"I(V2)"
0.0816737959227841,"I(V20)"
0.0798819049079043,"I(((V12))&((V7)))"
0.0563855708459631,"I(V17)"
0.0521697214119323,"I(((V10))&((((V4))&((V30)))))"
