"posterior","tree"
0.999999999999487,"I(((V2))&((V9)))"
0.541623153523883,"I(V20)"
0.540636175046008,"I(((((((V10))&((V30))))&((V4))))&((V17)))"
0.540636175046008,"I(((((V12))))&((V7)))"
0.45936382495159,"I(((V20))&((((((V12))))&((V7)))))"
0.41522214504015,"I(V17)"
0.393021960061753,"I(((((((V30))&((V4))))))&((V10)))"
0.0683081697423383,"I(V10)"
0.0683081390233476,"I(V30)"
