"posterior","tree"
0.999999999999999,"I(((V2))&((V9)))"
0.542043224732921,"I(((V17))&((((V10))&((((V30))&((V4)))))))"
0.457956774811011,"I(((((V12))&((V20))))&((V7)))"
0.420605781511763,"I(V12)"
0.343719449836403,"I(((V7))&((V20)))"
0.263801848928111,"I(V30)"
0.240902375224628,"I(V17)"
0.200033902657669,"I(V7)"
0.196073198628432,"I(((((V17))&((V4))))&((V10)))"
0.195726381497509,"I(((((V4))&((V10))))&((V30)))"
0.122681433346162,"I(((V20))&((V12)))"
0.0787794718066306,"I(V20)"
