"posterior","tree"
0.980592378836064,"I(((((V12))&((V7))))&((V20)))"
0.911858720420394,"I(((((V30))&((((((((V10))&((V17))))&((V4)))))))))"
0.879580455409942,"I(((V2))&((V9)))"
0.122091302051374,"I(V9)"
0.122091278793869,"I(V2)"
0.0732410517048715,"I(V30)"
0.0660088600761702,"I(((((((((V10))&((V17))))&((V4)))))))"
