"posterior","tree"
0.999999999999992,"I(((V2))&((V9)))"
0.571240681469751,"I(V12)"
0.57033075589429,"I(((V20))&((V7)))"
0.57033075589429,"I(((((((V4))&((V10))))&((((V17))&((V30)))))))"
0.43087026384501,"I(V17)"
0.429669244105702,"I(((V20))&((((V12))&((V7)))))"
0.417769991141843,"I(((V4))&((((V10))&((V30)))))"
