"posterior","tree"
0.894568164928725,"I(((((V4))&((((V17))&((V30))))))&((V10)))"
0.894319400271967,"I(((V2))&((V9)))"
0.863902524615274,"I(((((V7))&((V12))))&((V20)))"
0.107414073907206,"I(V9)"
0.107412280589674,"I(V2)"
0.101737634056875,"I(V20)"
0.0827458912109704,"I(V10)"
0.0748836312521908,"I(((V12))&((V7)))"
0.0639672848627291,"I(((((V4))&((V17))))&((V30)))"
0.0630426993857363,"I(V7)"
