"posterior","tree"
0.999999999999997,"I(((V2))&((V9)))"
0.801697699561822,"I(((((V17))&((V30))))&((((V10))&((V4)))))"
0.534750232630762,"I(V20)"
0.533765223158639,"I(((V12))&((V7)))"
0.269477874510686,"I(V12)"
0.267932467925932,"I(((V20))&((V7)))"
0.199990207458931,"I(V30)"
0.198266635222575,"I(((((((V20))&((V12))))&((V7)))))"
0.192676078950818,"I(((((V10))&((V17))))&((V4)))"
