"posterior","tree"
0.903659068933118,"I(((((V12))&((V20))))&((V7)))"
0.902691642327447,"I(((V2))&((V9)))"
0.802052001945126,"I(((((V10))&((((V17))&((V30))))))&((V4)))"
0.0990725967828921,"I(V2)"
0.099072542518459,"I(V9)"
0.0864667315353865,"I(V30)"
0.0777290449219936,"I(V17)"
0.0645163862238363,"I(((((V17))&((V10))))&((V4)))"
0.0616314775561228,"I(((((V30))&((V4))))&((V10)))"
0.0526759675652881,"I(V20)"
0.0524641576892771,"I(V12)"
