"posterior","tree"
0.949605037218816,"I(((V12))&((((V20))&((V7)))))"
0.898843172912126,"I(((((V10))&((((V4))&((V17))))))&((V30)))"
0.887871844264344,"I(((V2))&((V9)))"
0.11382301524875,"I(V9)"
0.113822568134233,"I(V2)"
0.0550281479136838,"I(V30)"
0.0522154605566569,"I(V20)"
