"posterior","tree"
0.999999999999999,"I(((V20))&((((V12))&((V7)))))"
0.999999999999999,"I(((V2))&((V9)))"
0.518998904829799,"I(V30)"
0.455315263426338,"I(((V17))&((((V4))&((V10)))))"
0.304045967972162,"I(V17)"
0.28918869056873,"I(V10)"
0.228463513333075,"I(((((V4))&((V30))))&((V10)))"
0.227708663369603,"I(((V30))&((((V17))&((V4)))))"
0.0503765041681955,"I(V4)"
