"posterior","tree"
0.999998511460971,"I(((V2))&((V9)))"
0.597758834324518,"I(((((V7))&((V12))))&((V20)))"
0.403277518567095,"I(V12)"
0.40224116567548,"I(((((V10))&((V30))))&((((V17))&((V4)))))"
0.327361750708892,"I(((V20))&((V7)))"
0.308308232367574,"I(V10)"
0.308045850770878,"I(V30)"
0.29092786970668,"I(((V4))&((((V10))&((V17)))))"
0.256937300141497,"I(((((V4))&((V30))))&((V17)))"
0.0768422263648463,"I(V7)"
0.0766050943194822,"I(V20)"
0.0519117869271651,"I(V4)"
