"posterior","tree"
0.905391753406177,"I(((((V10))&((((V17))&((V4))))))&((V30)))"
0.898694213247202,"I(((V2))&((V9)))"
0.834375977160005,"I(((((V12))&((V20))))&((V7)))"
0.103065386586881,"I(V9)"
0.103061797029254,"I(V2)"
0.0963565472969017,"I(V10)"
0.0963563177747656,"I(V30)"
0.0949122957649145,"I(V12)"
0.0931394646186378,"I(((V7))&((V20)))"
0.0767898461135761,"I(((V17))&((V4)))"
0.0743008300806897,"I(V7)"
0.0724986205842468,"I(((V12))&((V20)))"
