"posterior","tree"
0.999999999789117,"I(((V2))&((V9)))"
0.530818060502577,"I(((((V7))&((V12))))&((V20)))"
0.469181939413199,"I(((((V17))&((V30))))&((((V10))&((V4)))))"
0.467953835442134,"I(V20)"
0.46679643201161,"I(((V7))&((V12)))"
0.360094036524818,"I(V17)"
0.34449207271311,"I(((((V10))&((V4))))&((V30)))"
0.188039909505219,"I(V30)"
0.172075303582512,"I(((V10))&((((V4))&((V17)))))"
