"posterior","tree"
0.999999999977094,"I(((V7))&((((V20))&((V12)))))"
0.929202233559846,"I(((((V4))&((((V10))&((V17))))))&((V30)))"
0.869432415424218,"I(((V9))&((V2)))"
0.132201531842518,"I(V9)"
0.132200978583934,"I(V2)"
0.0725564863203643,"I(V17)"
0.0687522769668179,"I(((((V4))&((((V10))&((V30)))))))"
