"posterior","tree"
0.980167319755388,"I(((V12))&((((V20))&((V7)))))"
0.898784740989511,"I(((((((V10))&((((V17))&((V30))))))&((V4)))))"
0.877840564234087,"I(((V2))&((V9)))"
0.123832793692206,"I(V2)"
0.12383255742999,"I(V9)"
0.0893791415753952,"I(V30)"
0.0758611083132033,"I(((V17))&((((V4))&((V10)))))"
