"posterior","tree"
1,"I(((V2))&((V9)))"
0.999999989633781,"I(((((V12))&((V20))))&((V7)))"
0.541600809004851,"I(V30)"
0.468477892829294,"I(V17)"
0.363029989107016,"I(((((V10))&((V4))))&((V30)))"
0.360262076246556,"I(((V4))&((((V10))&((V17)))))"
0.224496238721227,"I(V10)"
0.124910849175661,"I(((V17))&((V4)))"
0.0980036648219527,"I(V4)"
