"posterior","tree"
0.999996014316081,"I(((V9))&((((V2)))))"
0.999718970595125,"I(((((V12))))&((((V20))&((V7)))))"
0.831629784241595,"I(((V17))&((((V10)))))"
0.830428713004147,"I(((V4))&((V30)))"
0.171071732528904,"I(V30)"
0.171071012546724,"I(V4)"
0.169872914688366,"I(V17)"
0.169872445588279,"I(V10)"
