"posterior","tree"
0.999999956846903,"I(((V9))&((V2)))"
0.999999956846105,"I(((((((V10))&((V30))))&((V17))))&((V4)))"
0.990510619034174,"I(V20)"
0.990490317956076,"I(((V7))&((V12)))"
