"posterior","tree"
0.986184856386408,"I(((((V20))&((V12))))&((V7)))"
0.914115645677014,"I(((V2))&((V9)))"
0.655450428276215,"I(((((V30))&((V10))))&((((V4))&((V17)))))"
0.233458109394265,"I(V10)"
0.213730057499163,"I(((((V17))&((V4))))&((V30)))"
0.126588319436101,"I(V30)"
0.100315276650303,"I(((V17))&((((V10))&((V4)))))"
0.0876852143419099,"I(V2)"
0.0876847186731679,"I(V9)"
