"posterior","tree"
0.907906628523655,"I(((V2))&((V9)))"
0.863251621360911,"I(((((((V17))&((V30))))&((V10))))&((V4)))"
0.827855624528305,"I(((V12))&((((V7))&((V20)))))"
0.173747563354974,"I(V12)"
0.131127992412512,"I(V30)"
0.128899048287355,"I(((V20))&((V7)))"
0.110030303964248,"I(((((V17))&((V10))))&((V4)))"
0.0938749745906128,"I(V2)"
0.0938745375709193,"I(V9)"
