"posterior","tree"
1,"I(((V2))&((V9)))"
0.999999995279724,"I(((((V12))&((V20))))&((V7)))"
0.379490662904059,"I(V30)"
0.37756873823134,"I(V10)"
0.339720184784009,"I(V17)"
0.312791709735262,"I(((((V4))&((V30))))&((V10)))"
0.310953370721927,"I(((V10))&((((V17))&((V4)))))"
0.272432782462496,"I(((V4))&((((V17))&((V30)))))"
0.0641057521161508,"I(V4)"
