"posterior","tree"
0.999999937139451,"I(((V2))&((V9)))"
0.676368855955628,"I(((((V10))&((V4))))&((((V30))&((V17)))))"
0.401922098558869,"I(V12)"
0.399871593693193,"I(V20)"
0.325084295640121,"I(V17)"
0.32363092898023,"I(((V20))&((((V12))&((V7)))))"
0.277785824510682,"I(((V20))&((V7)))"
0.27573084810077,"I(((V7))&((V12)))"
0.247386390583503,"I(((((V4))&((V10))))&((V30)))"
0.124721827666181,"I(V7)"
0.0500045872596668,"I(V10)"
