"posterior","tree"
0.913160734073262,"I(((V2))&((V9)))"
0.84057335946894,"I(((V12))&((((V7))&((V20)))))"
0.794290345069722,"I(((((V4))&((((V10))&((V17))))))&((V30)))"
0.161066581854455,"I(V12)"
0.121709811720871,"I(V30)"
0.118163837958059,"I(((V20))&((V7)))"
0.107696701872386,"I(((((V17))&((V10))))&((V4)))"
0.0886415448172401,"I(V2)"
0.0886413966541703,"I(V9)"
0.0610161613426277,"I(V10)"
