"posterior","tree"
0.999999999995977,"I(((V9))&((V2)))"
0.53784480096516,"I(V12)"
0.536849270730473,"I(((V30))&((((V10))&((((V17))&((V4)))))))"
0.463150716814097,"I(((V12))&((((V20))&((V7)))))"
0.437986656618236,"I(((V7))&((V20)))"
0.418453537567951,"I(V17)"
0.395155220514433,"I(((((V10))&((V4))))&((V30)))"
0.100781292532704,"I(V7)"
0.10078124486244,"I(V20)"
0.0699804824870099,"I(V30)"
0.0699764855726024,"I(V10)"
