"posterior","tree"
0.949482081371025,"I(((V7))&((((V12))&((V20)))))"
0.887119442853819,"I(((V10))&((((V17))&((((V4))&((V30)))))))"
0.884446424298522,"I(((V2))&((V9)))"
0.11724468667738,"I(V2)"
0.117243242281255,"I(V9)"
0.0710494217339867,"I(V30)"
0.0661331265936047,"I(((((V17))&((V10))))&((V4)))"
0.0523396474502737,"I(V12)"
