"posterior","tree"
0.999999999999994,"I(((V2))&((V9)))"
0.905170119164078,"I(V20)"
0.904944501666022,"I(((((V4))&((((V17))&((V30))))))&((V10)))"
0.738047799519557,"I(((V7))&((V12)))"
0.168677708757872,"I(V12)"
0.168676997112902,"I(V7)"
0.0969996143022905,"I(V30)"
0.0969991964677848,"I(V10)"
0.0950551784849324,"I(((((V12))&((V20))))&((V7)))"
0.0782304440970488,"I(((V17))&((V4)))"
