"posterior","tree"
0.999999999999868,"I(((((V12))&((V7))))&((V20)))"
0.921708180012709,"I(((((V4))&((((V10))&((V30))))))&((V17)))"
0.875120685337723,"I(((V2))&((V9)))"
0.126526059874058,"I(V9)"
0.126525854304051,"I(V2)"
0.0800340435061584,"I(V10)"
0.074400754756448,"I(((V4))&((((V30))&((V17)))))"
