"posterior","tree"
0.999999999999999,"I(((V2))&((V9)))"
0.999999987084022,"I(((((V7))&((V20))))&((V12)))"
0.522966592175691,"I(V30)"
0.458199689938989,"I(((((V4))&((V17))))&((V10)))"
0.31487425998799,"I(V10)"
0.290150679614852,"I(V17)"
0.22514234026031,"I(((((V30))&((V4))))&((V10)))"
0.223963318611566,"I(((((V4))&((V30))))&((V17)))"
