"posterior","tree"
0.999993844529151,"I(((V9))&((V2)))"
0.573282071307675,"I(((((V4))&((V17))))&((((V10))&((V30)))))"
0.56970909159304,"I(V20)"
0.567799818478992,"I(((V7))&((V12)))"
0.427925113195928,"I(V10)"
0.426711774150992,"I(((((((V20))&((V7))))&((V12)))))"
0.426711774150992,"I(((V4))&((((V30))&((V17)))))"
