"posterior","tree"
0.896492553156823,"I(((V2))&((V9)))"
0.895878338787481,"I(((((V12))&((V7))))&((V20)))"
0.85089264165602,"I(((((((V10))&((((V17))&((V30))))))&((V4)))))"
0.105856868496935,"I(V20)"
0.105251851417702,"I(V9)"
0.105251602297272,"I(V2)"
0.087965771690242,"I(V10)"
0.0793991602074956,"I(V30)"
0.0710935508712097,"I(((V7))&((V12)))"
0.0633272595672306,"I(((V17))&((((V4))&((V30)))))"
0.0556019548684786,"I(((((V17))&((((((V10))&((V4)))))))))"
