"posterior","tree"
0.902927124256705,"I(((((V12))&((V20))))&((V7)))"
0.888528548845869,"I(((V10))&((((V30))&((((V17))&((V4)))))))"
0.888484429265062,"I(((V2))&((V9)))"
0.113224890076746,"I(V2)"
0.113224796176453,"I(V9)"
0.0615590101558443,"I(V12)"
0.0571489217980152,"I(V7)"
