"posterior","tree"
0.978613778992255,"I(((V20))&((((V7))&((V12)))))"
0.97627791110303,"I(((((((V10))&((V17))))&((V30))))&((V4)))"
0.869668108790599,"I(((V2))&((V9)))"
0.131966504153471,"I(V9)"
0.131966297016452,"I(V2)"
