"posterior","tree"
0.999999999989223,"I(((V2))&((V9)))"
0.999978040929264,"I(V20)"
0.999972390392408,"I(((((V30))&((((V10))&((V4))))))&((V17)))"
0.818395740248131,"I(((V12))&((V7)))"
0.183306357811101,"I(V7)"
0.183305810262263,"I(V12)"
