"posterior","tree"
1,"I(((V2))&((V9)))"
1,"I(((((V20))&((V7))))&((V12)))"
0.571737999632556,"I(V30)"
0.493631337267688,"I(((((V10))&((V17))))&((V4)))"
0.356747860206466,"I(((V17))&((V30)))"
0.356437046341317,"I(((V10))&((V4)))"
0.151736769304063,"I(V10)"
0.151425305769497,"I(V17)"
0.0851114417127282,"I(V4)"
0.0724481937434773,"I(((V30))&((V4)))"
