"posterior","tree"
0.905714975075307,"I(((V10))&((((((V17))&((V4))))&((V30)))))"
0.902273959543495,"I(((V2))&((V9)))"
0.799663794925198,"I(((V12))&((((V20))&((V7)))))"
0.121219195948039,"I(V12)"
0.119511631065402,"I(((V20))&((V7)))"
0.0994780764171971,"I(V2)"
0.0994780423398522,"I(V9)"
0.0826121937714852,"I(V20)"
0.0808231216467115,"I(((V12))&((V7)))"
0.0631460731714335,"I(V10)"
0.0574265961513061,"I(((V17))&((((V30))&((V4)))))"
