"posterior","tree"
0.962346125114279,"I(((V10))&((((((V17))&((V30))))&((V4)))))"
0.89344479645311,"I(((((V20))&((V12))))&((V7)))"
0.883724321700888,"I(((V2))&((V9)))"
0.117960993034901,"I(V9)"
0.117960956459382,"I(V2)"
0.0686978816244323,"I(V20)"
0.0682851787962747,"I(V12)"
