"posterior","tree"
0.999999949288306,"I(((V2))&((V9)))"
0.999994091126146,"I(((V7))&((((V20))&((V12)))))"
0.717202484433818,"I(((V10))&((V4)))"
0.553857239253545,"I(((V30))&((V17)))"
0.186026999246771,"I(V30)"
0.175604124066633,"I(V10)"
0.165112181354914,"I(V17)"
0.154629755993299,"I(((((V17))&((V4))))&((V30)))"
0.128165784839196,"I(((V17))&((V4)))"
0.1089714268837,"I(((V30))&((V10)))"
