"posterior","tree"
0.999999999999999,"I(((V2))&((V9)))"
0.999999155045788,"I(V17)"
0.999999070447769,"I(((V20))&((((V7))&((V12)))))"
0.547580873700753,"I(V30)"
0.546433740419596,"I(V4)"
0.454627506819759,"I(((V4))&((V10)))"
0.453478597790063,"I(((V30))&((V10)))"
0.099159456873311,"I(V10)"
