"posterior","tree"
0.999999978332534,"I(V30)"
0.999999978281865,"I(((V9))&((V2)))"
0.999999978281865,"I(((V20))&((((V12))&((V7)))))"
0.972002286667135,"I(((V4))&((((V10))&((V17)))))"
