"posterior","tree"
0.979830729816821,"I(((((V12))&((V20))))&((V7)))"
0.978126984779828,"I(((V17))&((((((V10))&((V4))))&((V30)))))"
0.943075483428855,"I(((V2))&((V9)))"
0.0575175763264418,"I(V2)"
0.0575175673149038,"I(V9)"
