"posterior","tree"
0.894383175190392,"I(((V2))&((V9)))"
0.888622252369599,"I(((((V20))&((V12))))&((V7)))"
0.874641511471226,"I(((V10))&((((V17))&((((V4))&((V30)))))))"
0.113085424113178,"I(V12)"
0.107349228110018,"I(V2)"
0.107344501197639,"I(V9)"
0.0768458540022743,"I(((V7))&((V20)))"
0.06596650686781,"I(V17)"
0.0655542138570171,"I(V4)"
0.0572208071622495,"I(((((V10))&((((V4))&((V30)))))))"
0.0568004095139484,"I(((((V10))&((((V17))&((V30)))))))"
