"posterior","tree"
0.902516619615324,"I(((V2))&((V9)))"
0.876827699049662,"I(((((V17))&((((V30))&((V4))))))&((V10)))"
0.836813327028777,"I(((V20))&((((V7))&((V12)))))"
0.123863525830105,"I(V20)"
0.122554381974063,"I(((V7))&((V12)))"
0.0992346596876576,"I(V9)"
0.0992345473431056,"I(V2)"
0.0721142810322782,"I(V30)"
0.0590623249079705,"I(((((V17))&((V4))))&((V10)))"
0.0579688506727687,"I(V17)"
0.0528633206178427,"I(((((((V30))&((V4))))))&((V10)))"
