"posterior","tree"
0.999999999999997,"I(((V2))&((V9)))"
0.999954424091872,"I(V30)"
0.998140124727914,"I(((((V20))&((V7))))&((((V12))&((((V9)))))))"
0.790680572101164,"I(((V10))&((((V4))&((V17)))))"
0.211031575712966,"I(V17)"
0.157108607466592,"I(V7)"
0.144092651531056,"I(((V4))&((V10)))"
0.0784818159080811,"I(V20)"
0.0672933072982353,"I(V10)"
0.0672833110704849,"I(V4)"
0.0562869300256853,"I(V12)"
