"posterior","tree"
1,"I(V30)"
1,"I(((V2))&((V9)))"
1,"I(((V20))&((((V7))&((V12)))))"
0.999999999999998,"I(V17)"
0.831403045876135,"I(((V10))&((V4)))"
0.170536508717886,"I(V4)"
0.170536204223389,"I(V10)"
