"posterior","tree"
0.934961178302302,"I(((((((V10))&((V30))))&((V17))))&((V4)))"
0.899321295545591,"I(((V2))&((V9)))"
0.820081889409934,"I(((((V12))&((V20))))&((V7)))"
0.181484135448147,"I(V12)"
0.179915998819224,"I(((V20))&((V7)))"
0.102413263759912,"I(V9)"
0.102412883712232,"I(V2)"
0.0596544359241215,"I(V4)"
0.0548683615886095,"I(((((V10))&((V30))))&((V17)))"
