"posterior","tree"
0.999999999999995,"I(((V2))&((V9)))"
0.999999999729816,"I(((((V20))&((V12))))&((V7)))"
0.496591781562049,"I(V30)"
0.481529706876685,"I(((V17))&((((V4))&((V10)))))"
0.270157897736297,"I(V10)"
0.265356391827145,"I(V4)"
0.254664993580702,"I(((((((V30))&((V17))))))&((V4)))"
0.249853309896871,"I(((V10))&((((((V30))&((V17)))))))"
