"posterior","tree"
1,"I(((((V20))&((V7))))&((V12)))"
1,"I(((V2))&((V9)))"
0.48437457691383,"I(V10)"
0.376595044194364,"I(V30)"
0.324286371971985,"I(V17)"
0.320190669452427,"I(((V17))&((((V4))&((V30)))))"
0.199332669934931,"I(((V17))&((V4)))"
0.163623372719839,"I(((V30))&((((V10))&((V4)))))"
0.157639384511032,"I(((V17))&((((V4))&((V10)))))"
0.118921787815669,"I(((V10))&((V30)))"
0.07677412352615,"I(((V10))&((V4)))"
0.0647888759502152,"I(V4)"
