"posterior","tree"
0.999999999999991,"I(((V2))&((V9)))"
0.781525514413855,"I(((V4))&((((V17))&((((V10))&((V30)))))))"
0.664214535871199,"I(V20)"
0.544429855327166,"I(((V12))&((V7)))"
0.238713532251091,"I(V12)"
0.218474485578566,"I(((V12))&((((V20))&((V7)))))"
0.122071549896534,"I(V7)"
0.118031311894085,"I(((V20))&((V7)))"
0.115944810566793,"I(V30)"
0.115742104186769,"I(V17)"
0.0940850118285626,"I(((((V10))&((V17))))&((V4)))"
0.0940612567764132,"I(((V10))&((((V30))&((V4)))))"
