"posterior","tree"
0.980709705599676,"I(((V20))&((((V12))&((V7)))))"
0.920991718030084,"I(((V4))&((((((V17))&((V30))))&((V10)))))"
0.878236204375105,"I(((V2))&((V9)))"
0.123426408035969,"I(V2)"
0.123426341551304,"I(V9)"
0.0807591098431556,"I(V30)"
0.0750831557148363,"I(((V17))&((((V10))&((V4)))))"
