"posterior","tree"
0.99999957674176,"I(V30)"
0.999998969329001,"I(V17)"
0.999998499197104,"I(((V9))&((V2)))"
0.999998499197104,"I(((((V12))&((((V7))&((V20)))))))"
0.823058487778939,"I(((V4))&((V10)))"
0.17886275960491,"I(V4)"
0.178860192044583,"I(V10)"
