"posterior","tree"
0.999999999999876,"I(((V2))&((V9)))"
0.540817716169559,"I(((V12))&((((V20))&((V7)))))"
0.463552166625827,"I(V17)"
0.460370434360206,"I(V12)"
0.45917684764472,"I(((V10))&((((V17))&((((V4))&((V30)))))))"
0.376454401817452,"I(((V20))&((V7)))"
0.340458670374037,"I(((V30))&((((V10))&((V4)))))"
0.20206651979541,"I(V30)"
0.123578773917467,"I(V10)"
0.0847093399298386,"I(V7)"
0.0847092637092871,"I(V20)"
0.0786665427604196,"I(((V10))&((V4)))"
0.0784348754781643,"I(((V4))&((V17)))"
