"posterior","tree"
0.999999999035728,"I(V30)"
0.999999999033516,"I(((V2))&((V9)))"
0.9999999095581,"I(((((V12))&((V7))))&((V20)))"
0.591890133932847,"I(V17)"
0.590072972274781,"I(V10)"
0.410886551649522,"I(((V10))&((V4)))"
0.409063932202073,"I(((V17))&((V4)))"
0.181962112504369,"I(V4)"
