"posterior","tree"
0.98055774631511,"I(((((V12))&((V20))))&((V7)))"
0.891173297307642,"I(((((V30))&((((V17))&((V4))))))&((V10)))"
0.879954468356861,"I(((V2))&((V9)))"
0.121719677504114,"I(V9)"
0.121719546842254,"I(V2)"
0.0787728633553671,"I(V17)"
0.0690231119483228,"I(((V4))&((((V10))&((V30)))))"
