"posterior","tree"
0.999999934507026,"I(((V2))&((V9)))"
0.530201947725001,"I(V30)"
0.529189045640355,"I(((V12))&((((V7))&((V20)))))"
0.514744766836417,"I(((((V17))&((V10))))&((V4)))"
0.470767615024686,"I(((((V30))&((V17))))&((((V10))&((V4)))))"
0.280637520597851,"I(V12)"
0.279514919986973,"I(V20)"
0.192780377612927,"I(((V7))&((V20)))"
0.19159314570579,"I(((V7))&((V12)))"
0.0882613148057045,"I(V7)"
