"posterior","tree"
0.9475778373837,"I(((V12))&((((V20))&((V7)))))"
0.91186538879976,"I(((V2))&((V9)))"
0.674602137485734,"I(((((((V17))&((V10))))&((V4))))&((V30)))"
0.266494792560525,"I(V10)"
0.250162634368933,"I(((((V17))&((V4))))&((V30)))"
0.0899419063314254,"I(V9)"
0.0899418449255306,"I(V2)"
0.0738441399570145,"I(V30)"
0.0542995036091262,"I(V12)"
