"posterior","tree"
0.999999999999948,"I(((V2))&((V9)))"
0.759912086028464,"I(V20)"
0.759345602931468,"I(((V17))&((((((V4))&((V10))))&((V30)))))"
0.621672973885598,"I(((V12))&((V7)))"
0.240652803292026,"I(((V20))&((((V12))&((V7)))))"
0.231335143017771,"I(V17)"
0.179305725851396,"I(V30)"
0.139548676861809,"I(V7)"
0.139548462134295,"I(V12)"
0.138287925543712,"I(((V10))&((V4)))"
0.0933715199124645,"I(V10)"
0.063125211761558,"I(((V4))&((V30)))"
