"posterior","tree"
0.911787460212011,"I(((((V20))&((V7))))&((V12)))"
0.89363860625811,"I(((V2))&((V9)))"
0.874860023413682,"I(((V10))&((((((V17))&((V30))))&((V4)))))"
0.108079738198478,"I(V2)"
0.108075888139588,"I(V9)"
0.0899696299430999,"I(V20)"
0.0882125397879776,"I(((V7))&((V12)))"
0.0753491443522239,"I(V30)"
0.0583431710718118,"I(((((V4))&((((V17))&((V10)))))))"
