"posterior","tree"
0.999999999999999,"I(((V2))&((V9)))"
0.567735286220052,"I(V12)"
0.566818541587071,"I(((V10))&((((((V4))&((V17))))&((V30)))))"
0.463771009039781,"I(((V7))&((V20)))"
0.434398552310463,"I(V30)"
0.433181458298095,"I(((V7))&((((V20))&((V12)))))"
0.421049644319197,"I(((V10))&((((V17))&((V4)))))"
0.104942493039452,"I(V7)"
0.104942445194477,"I(V20)"
