"posterior","tree"
0.982581294846571,"I(((((V12))&((V7))))&((V20)))"
0.891311498983177,"I(((V2))&((V9)))"
0.793371319112326,"I(((((((V10))&((V17))))&((V4))))&((V30)))"
0.110409361088291,"I(V9)"
0.110409224863307,"I(V2)"
0.0835139668973893,"I(V17)"
0.0834432367727312,"I(V30)"
0.0676451224835216,"I(V10)"
0.0665504745900372,"I(((V30))&((((V4))&((V10)))))"
0.0664795400063724,"I(((V4))&((((V17))&((V10)))))"
0.0584079869686862,"I(((((((V17))))&((V4))))&((V30)))"
