"posterior","tree"
0.999999966707622,"I(((V2))&((V9)))"
0.704682232716767,"I(((V17))&((((V4))&((((V30))&((V10)))))))"
0.421950869230228,"I(V20)"
0.412376395324651,"I(V12)"
0.295317767276986,"I(((((V7))&((V12))))&((V20)))"
0.293558472410342,"I(((V12))&((V7)))"
0.283963890296763,"I(((V7))&((V20)))"
0.268529436811215,"I(V30)"
0.253897442419835,"I(((((V4))&((V10))))&((V17)))"
0.129012561981977,"I(V7)"
