"posterior","tree"
0.999999999999993,"I(((V2))&((V9)))"
0.528906417811356,"I(V12)"
0.52788802674513,"I(((V17))&((((V30))&((((V4))&((V10)))))))"
0.473245300993413,"I(V17)"
0.47211191626355,"I(((((V20))&((V7))))&((V12)))"
0.432696029155572,"I(((V7))&((V20)))"
0.383004520419247,"I(((((V4))&((V10))))&((V30)))"
0.0971221676464384,"I(V20)"
0.0971220718041806,"I(V7)"
0.0691966485376469,"I(V30)"
