"posterior","tree"
0.915321089915506,"I(((((V10))&((V17))))&((((V4))&((V30)))))"
0.889339897813092,"I(((V2))&((V9)))"
0.824959334978086,"I(((((V20))&((V7))))&((V12)))"
0.176627594388647,"I(V20)"
0.175040664584249,"I(((V7))&((V12)))"
0.112383146623121,"I(V2)"
0.112382599312868,"I(V9)"
0.0864501884858832,"I(V17)"
0.0635023091677402,"I(((((((V4))&((V30))))&((V10)))))"
