"posterior","tree"
0.896223631986443,"I(((V2))&((V9)))"
0.895228181981126,"I(((V12))&((((V20))&((V7)))))"
0.863747276925476,"I(((((V10))&((((V4))&((V30))))))&((V17)))"
0.109720297780077,"I(V17)"
0.105513654241221,"I(V9)"
0.105513156377827,"I(V2)"
0.0920588246918897,"I(((V10))&((((V4))&((V30)))))"
0.0710696195988958,"I(V12)"
0.0702654364377851,"I(V20)"
