"posterior","tree"
0.999999999999998,"I(((V2))&((V9)))"
0.828306578496084,"I(V30)"
0.827944254439911,"I(((((V7))&((V20))))&((V12)))"
0.805149355319212,"I(((((V4))&((V10))))&((V17)))"
0.173809315108066,"I(V20)"
0.172055745501767,"I(((V7))&((V12)))"
0.172055745501767,"I(((((V4))&((((V17))&((V30))))))&((V10)))"
