"posterior","tree"
0.999999999999099,"I(((V2))&((V9)))"
0.612491434820677,"I(((((V12))&((V7))))&((V20)))"
0.388807805052542,"I(V20)"
0.387507768269361,"I(((V10))&((((V4))&((((V30))&((V17)))))))"
0.337985463233735,"I(V17)"
0.317123998863516,"I(((V12))&((V7)))"
0.300047033719507,"I(V10)"
0.281899537803778,"I(((((V30))&((V4))))&((V10)))"
0.2759192614086,"I(((((V4))&((V30))))&((V17)))"
0.0723599291355759,"I(V7)"
0.07235235988267,"I(V12)"
0.0566798809268079,"I(V30)"
