"posterior","tree"
0.910205268077789,"I(((V2))&((V9)))"
0.904988299539606,"I(((((V12))&((V20))))&((V7)))"
0.745352759148344,"I(((((V10))&((V30))))&((((V4))&((V17)))))"
0.142829244990618,"I(V30)"
0.117813974556121,"I(((((V10))&((V4))))&((V17)))"
0.0967843072260037,"I(V20)"
0.0915848026860431,"I(V2)"
0.0915847389667908,"I(V9)"
0.0837416390897505,"I(V17)"
0.066217495355345,"I(((V12))&((V7)))"
0.0586958052292939,"I(V4)"
0.058646577426409,"I(((((V30))&((V10))))&((V4)))"
