"posterior","tree"
0.999999999999998,"I(((V2))&((V9)))"
0.999975073986273,"I(V30)"
0.999708989898655,"I(V10)"
0.99970892678396,"I(V17)"
0.999396522514549,"I(V4)"
0.999331759736793,"I(((V12))&((((V7))&((V20)))))"
