"posterior","tree"
1,"I(((V2))&((V9)))"
0.999999952785004,"I(((((V12))&((V20))))&((V7)))"
0.695966460318111,"I(V10)"
0.553921656582315,"I(((V4))&((((V17))&((V30)))))"
0.380966046403142,"I(V17)"
0.237396950327344,"I(((V10))&((((V30))&((V4)))))"
0.125762147640894,"I(V30)"
0.0927879328973895,"I(V4)"
0.0664341006002587,"I(((V17))&((V4)))"
0.0502427781268415,"I(((V10))&((V30)))"
