"posterior","tree"
0.998110773015748,"I(((((V17))&((((V10))&((V30))))))&((V4)))"
0.911554600156638,"I(((((V7))&((V20))))&((V12)))"
0.877853034161183,"I(((V9))&((V2)))"
0.123801308365966,"I(V2)"
0.123801170653292,"I(V9)"
0.0901705274177037,"I(V20)"
0.088462683447565,"I(((((V7))&((V12)))))"
