"posterior","tree"
0.999999999465815,"I(((((V2))&((V9))))&((V7)))"
0.998531400517322,"I(((((V4))&((V10))))&((((((V17))&((V30)))))))"
0.977945290960814,"I(((((((V2))&((V12))))&((V20)))))"
0.852969406106827,"I(((((V2))&((((V9)))))))"
0.148946085050092,"I(V2)"
0.148854458570024,"I(V9)"
