"posterior","tree"
0.908336791443815,"I(((V30))&((((V17))&((((V10))&((V4)))))))"
0.886883683014008,"I(((V2))&((V9)))"
0.886305818884151,"I(((((V12))&((V20))))&((V7)))"
0.115398844539223,"I(V20)"
0.114830319730335,"I(V9)"
0.114830305167595,"I(V2)"
0.0853255849817113,"I(V17)"
0.0781251052215588,"I(((V12))&((V7)))"
0.068172747090035,"I(((V10))&((((V30))&((V4)))))"
