"posterior","tree"
0.930448354804615,"I(((((((V17))&((V4))))&((V10))))&((V30)))"
0.903021027239472,"I(((V2))&((V9)))"
0.771403647458978,"I(((((V12))&((V7))))&((V20)))"
0.230073989557747,"I(V20)"
0.22859558497067,"I(((V12))&((V7)))"
0.0987344356478252,"I(V9)"
0.0987343059086886,"I(V2)"
0.0713609966097119,"I(V30)"
0.0581115117047475,"I(((V4))&((((V17))&((V10)))))"
