"posterior","tree"
0.999999999999997,"I(V37)"
0.999999999999997,"I(((V10))&((V4)))"
0.999999999999462,"I(((V9))&((V2)))"
0.999999999999462,"I(((((V7))&((((V10))&((V4))))))|((((V30))&((V17)))))"
0.999999999999462,"I(((V30))&((V17)))"
0.999999999999462,"I(((V20))&((((V7))&((((V12)))))))"
0.999999999999462,"I(((V7))&((((V10))&((V4)))))"
