"posterior","tree"
0.99999926087302,"I(((V9))&((V2)))"
0.999999260872995,"I(((V20))&((((V12))&((((V7)))))))"
0.999446981324991,"I(V37)"
