"posterior","tree"
0.999999999999998,"I(V37)"
0.999999999986102,"I(((V9))&((V2)))"
0.999999999986102,"I(((V4))&((((V10))&((((V17))&((V30)))))))"
0.999999999986102,"I(((V12))&((((V7))&((V20)))))"
