"posterior","tree"
0.999999999999996,"I(V37)"
0.999999991386997,"I(((V2))&((V9)))"
0.999998967801158,"I(((((V10))&((V17))))&((((V4))&((V30)))))"
0.999998967801158,"I(((V12))&((((V7))&((V20)))))"
