"posterior","tree"
0.999999999999996,"I(V37)"
0.99999998947892,"I(((V2))&((V9)))"
0.999999876384056,"I(((V12))&((((V20))&((V7)))))"
0.999998295076763,"I(((V10))&((((V30))&((((V17))&((V4)))))))"
