"posterior","tree"
0.999999999999981,"I(((V9))&((V2)))"
0.999999999974229,"I(((((V7))&((((V12))&((V20)))))))"
0.999999971145224,"I(V37)"
