"posterior","tree"
0.999999999999997,"I(V37)"
0.999999999999989,"I(((V4))&((((V30))&((((V10))&((V17)))))))"
0.999999999999989,"I(((V12))&((((V7))&((V20)))))"
0.999999999999989,"I(((V2))&((V9)))"
