"posterior","tree"
0.999999999999998,"I(V37)"
0.999999999999998,"I(((V10))&((((((((V30))&((V17))))&((V4)))))))"
0.999999999999998,"I(((V7))&((((V12))&((V20)))))"
0.999999999999998,"I(((V9))&((V2)))"
