"posterior","tree"
0.999999999999996,"I(((V2))&((V9)))"
0.999999999999996,"I(V37)"
0.999999166060146,"I(((V10))&((((V17))&((((V30))&((V4)))))))"
0.99999913739686,"I(((((V12))&((V7))))&((V20)))"
