"posterior","tree"
0.999999999999979,"I(V37)"
0.999999999295146,"I(((V2))&((V9)))"
0.999999999198676,"I(((((V4))&((V10))))&((V17)))"
0.999999999198676,"I(((((V7))&((V12))))&((V20)))"
