"posterior","tree"
0.999999999999996,"I(V37)"
0.999999975315283,"I(((((V30))&((V10))))&((V4)))"
0.999999975315283,"I(((V20))&((((V7))&((((V12)))))))"
0.999999975315283,"I(((((V2))&((V9)))))"
