"posterior","tree"
1,"I(((V2))&((V9)))"
1,"I(((V12))&((((V7))&((V20)))))"
0.999999999999998,"I(V37)"
0.999999989978063,"I(((V30))&((V17)))"
0.997116577237166,"I(((V30))&((V10)))"
0.457773485059392,"I(V30)"
