"posterior","tree"
0.999999999922805,"I(((V2))&((V9)))"
0.999999931054306,"I(((((V12))&((((V7))&((V20)))))))"
0.999999872226719,"I(((((((V30))&((V4))))&((V37))))&((V10)))"
0.999994060766371,"I(V37)"
