"posterior","tree"
0.999999999999999,"I(V37)"
0.999999999999999,"I(((V2))&((V9)))"
0.999999980500903,"I(((V12))&((((V7))&((V20)))))"
0.964443208733124,"I(((((V4))&((V17))))&((V10)))"
