"posterior","tree"
0.999999999999997,"I(((V2))&((V9)))"
0.999999999999997,"I(((((V17))&((V10))))&((V30)))"
0.999999999999997,"I(((V12))&((((V7))&((V20)))))"
0.999999999964489,"I(V37)"
