"posterior","tree"
0.999999862629077,"I(((((V20))&((V12))))&((V7)))"
0.999999683604154,"I(V37)"
0.959994627983713,"I(V2)"
0.959951233252224,"I(((((V4))&((((V10))&((V30))))))&((V17)))"
0.959950882418274,"I(((((((V4))&((((V10))&((V30))))))&((V17))))|((V9)))"
