"posterior","tree"
0.999999999999996,"I(V37)"
0.999999999999996,"I(((V2))&((V9)))"
0.999999962077797,"I(((V12))&((((V7))&((V20)))))"
0.999999962077797,"I(((((V4))&((V30))))&((((V10))&((V17)))))"
