"posterior","tree"
0.999999999999996,"I(V37)"
0.999999992027203,"I(((V2))&((V9)))"
0.999999935220061,"I(((V7))&((((V12))&((V20)))))"
