"posterior","tree"
0.999999999999997,"I(V37)"
0.999999999999997,"I(((V9))&((V2)))"
0.999999999999997,"I(((V12))&((((V7))&((V20)))))"
0.999999962170566,"I(((((((V30))&((V10))))&((((V4))&((V17)))))))"
