"posterior","tree"
0.999999999999997,"I(V37)"
0.999999857885864,"I(((((V9))&((V2)))))"
0.999999857866135,"I(((V12))&((((V7))&((V20)))))"
