"posterior","tree"
0.999999999993043,"I(V37)"
0.999999999139506,"I(((V12))&((((V20))&((V7)))))"
0.999999988140024,"I(((V2))&((V9)))"
0.359742998033571,"I(((((V17))&((V30))))&((V10)))"
0.346139789842736,"I(((V4))&((((V10))&((V37)))))"
0.330476410711308,"I(V4)"
