"posterior","tree"
0.999999931365585,"I(V37)"
0.999994904270972,"I(((V12))&((((V7))&((V20)))))"
0.998839072877775,"I(((V2))&((V9)))"
0.990788830760434,"I(V4)"
