"posterior","tree"
0.999999999999998,"I(V37)"
0.999999857322739,"I(((V12))&((((V20))&((V7)))))"
0.999999794202395,"I(((V2))&((V9)))"
