"posterior","tree"
0.999999999999998,"I(((V9))&((V2)))"
0.999999999999887,"I(V37)"
0.99999973047876,"I(((V7))&((((V20))&((V12)))))"
0.99999973047876,"I(((((V17))&((V30))))&((((V10))&((V4)))))"
