"posterior","tree"
0.999999999999999,"I(V37)"
0.999999936437365,"I(((V20))&((((V12))&((V7)))))"
0.999999936437365,"I(((V9))&((V2)))"
0.999999936437365,"I(((((V17))&((((V30))&((V4))))))&((V10)))"
