"posterior","tree"
0.999999999999998,"I(((V9))&((V2)))"
0.999999999999998,"I(V37)"
0.999999978963282,"I(((V10))&((((((V17))&((V4))))&((V30)))))"
0.999999978963282,"I(((((V20))&((V12))))&((V7)))"
