"posterior","tree"
0.999999999999997,"I(V37)"
0.999999998976161,"I(((((V12))&((V20))))&((V7)))"
0.999999998976161,"I(((V30))&((((V4))&((((V17))&((V10)))))))"
0.999999312264354,"I(((V2))&((V9)))"
