"posterior","tree"
0.999999999999998,"I(V37)"
0.99999999901019,"I(((V2))&((V9)))"
0.999998722895708,"I(((V7))&((((V12))&((V20)))))"
