"posterior","tree"
1,"I(V37)"
0.999999894831362,"I(V12)"
0.999999894676217,"I(((V12))|((((V20))&((V7)))))"
0.999999894676217,"I(((V9))&((V2)))"
0.999999894676217,"I(((V30))&((((V4))&((((V10))&((V17)))))))"
0.999999894676217,"I(((V7))&((V20)))"
