"posterior","tree"
0.999999999999998,"I(V37)"
0.99999929933123,"I(((V2))&((V9)))"
0.99999929933123,"I(((V7))&((((V12))&((V20)))))"
0.99999929933123,"I(((((V30))&((((V10))&((V17))))))&((V4)))"
