"posterior","tree"
0.999999999999996,"I(V37)"
0.999999999999996,"I(((V7))&((((V20))&((V12)))))"
0.999999999999996,"I(((V2))&((V9)))"
0.997705602807286,"I(((((V10))&((V17))))&((V30)))"
0.880728003676808,"I(((((((((V10))&((V17))))&((V30))))&((V27))))&((V9)))"
0.119129302033416,"I(((((((V10))&((V17))))&((V30))))&((V27)))"
