"posterior","tree"
0.999999999999996,"I(V37)"
0.999999999999996,"I(((((((V4))&((V17))))&((V10))))&((V30)))"
0.999999999999996,"I(((V2))&((V9)))"
0.999999999999996,"I(((((V7))&((V12))))&((V20)))"
