"posterior","tree"
0.999999999999998,"I(((V12))&((((V20))&((V7)))))"
0.999999999999998,"I(((((V10))&((((V4))&((V30))))))&((V17)))"
0.999999999999997,"I(((V9))&((V2)))"
0.999999999999997,"I(V37)"
