"posterior","tree"
0.999999999999999,"I(V37)"
0.999999999999999,"I(((V9))&((V2)))"
0.999998590606454,"I(((((V17))))&((((V30))&((V4)))))"
0.999998590606454,"I(((V20))&((((V12))&((V7)))))"
