"posterior","tree"
0.999999999999997,"I(V37)"
0.999999961630826,"I(((V10))&((V30)))"
0.999999961630826,"I(((V7))&((((V20))&((V12)))))"
0.999999961630826,"I(((V2))&((V9)))"
0.999999961630818,"I(((V4))&((V17)))"
