"posterior","tree"
1,"I(((V2))&((V9)))"
0.999999999999982,"I(((V7))&((((V20))&((V12)))))"
0.999999999999192,"I(V37)"
0.999745620780721,"I(((V10))&((V4)))"
0.994087668815742,"I(V30)"
0.221797572968935,"I(V17)"
