"posterior","tree"
0.999999999999998,"I(V37)"
0.999999999999998,"I(((V2))&((V9)))"
0.999999999999547,"I(((((((V17))&((V4))))))&((V30)))"
0.999999999999547,"I(((((V20))&((V12))))&((V7)))"
0.999969230011795,"I(((V30))&((V10)))"
0.885821269498336,"I(V30)"
