"posterior","tree"
0.999999999999999,"I(V37)"
0.999999999999723,"I(((V2))&((V9)))"
0.999999999999722,"I(((((V12))&((V7))))&((V20)))"
0.999834611708409,"I(((V30))&((((V10))&((V17)))))"
0.999655826769947,"I(((V17))&((V4)))"
0.986414977620086,"I(V17)"
0.0856803578806526,"I(((((V30))&((((V10))&((V17))))))&((V9)))"
