"posterior","tree"
0.999999999999999,"I(((V2))&((V9)))"
0.999999999980109,"I(V37)"
0.999999999964525,"I(((V10))&((((V4))&((V17)))))"
0.999999999964525,"I(((((V20))&((V12))))&((((V12))&((V7)))))"
