"posterior","tree"
0.999999999999998,"I(V37)"
0.999999999753108,"I(V30)"
0.999999999752995,"I(((((V10))&((((V4))&((V17))))))|((V30)))"
0.999999999752995,"I(((V20))&((((V7))&((V12)))))"
0.999999999752995,"I(((V2))&((V9)))"
0.999999999752995,"I(((V10))&((((V4))&((V17)))))"
