"posterior","tree"
0.999999999999959,"I(V37)"
0.99999999999987,"I(((V9))&((V2)))"
0.999999999996554,"I(((V7))&((((V12))&((V20)))))"
0.999959032838388,"I(((V10))&((((V17))&((V39)))))"
0.999854906812068,"I(((((V9))&((((((V4))&((V17))))&((V30)))))))"
