"posterior","tree"
0.999999999999999,"I(V37)"
0.999998659217065,"I(((V9))&((V2)))"
0.999998659217065,"I(((V4))&((((V30))&((((V17))&((V10)))))))"
0.999998659217065,"I(((((V20))&((V12))))&((((V20))&((V7)))))"
