"posterior","tree"
0.999999999999997,"I(V37)"
0.999999991826561,"I(((V9))&((V2)))"
0.9999994132309,"I(((V12))&((((V20))&((((V7)))))))"
0.9999994132309,"I(((V17))&((((V4))&((((V30))&((V10)))))))"
