"posterior","tree"
0.999999999999999,"I(V37)"
0.999999999999999,"I(((V9))&((V2)))"
0.999999999999999,"I(((V20))&((((V12))&((V7)))))"
0.999918583499928,"I(V30)"
0.999918519643868,"I(((V30))|((((V17))&((V4)))))"
0.999918519643868,"I(((V17))&((V4)))"
0.999918519624173,"I(((V30))&((V10)))"
