"posterior","tree"
0.999999999999998,"I(V37)"
0.999999999999787,"I(((V9))&((V2)))"
0.999999999999575,"I(((((V7))&((V12))))&((((V20)))))"
0.999999999999575,"I(((((V10))&((V17))))&((V4)))"
0.999960673366435,"I(((V10))&((V30)))"
0.134463569454547,"I(V10)"
