"posterior","tree"
0.999999999999996,"I(V37)"
0.999999998843161,"I(((V9))&((V2)))"
0.999999997862763,"I(((V12))&((((V7))&((V20)))))"
