"posterior","tree"
0.999999999999997,"I(V37)"
0.999999999999997,"I(((V9))&((V2)))"
0.999999929160314,"I(((((V20))&((V12))))&((((V12))&((V7)))))"
0.999999929160314,"I(((V10))&((((V4))&((((V17))&((V30)))))))"
