"posterior","tree"
0.999999999999998,"I(V37)"
0.999999999999692,"I(((V9))&((V2)))"
0.999998833950441,"I(((V20))&((((V12))&((V7)))))"
0.999997333798146,"I(((V10))&((((((V17))&((((V30))&((V4)))))))))"
0.0504739364474663,"I(V4)"
