"posterior","tree"
0.999999999999996,"I(V37)"
0.999999999999893,"I(((V2))&((V9)))"
0.999999999989472,"I(((V7))&((((V12))&((V20)))))"
0.999999999989472,"I(((((((V30))&((V10))))&((V4))))&((V17)))"
