"posterior","tree"
0.999999999999997,"I(((V2))&((V9)))"
0.999999999999997,"I(((V7))&((((V20))&((V12)))))"
0.999999999999997,"I(V37)"
0.999999999999997,"I(((((V10))&((V4))))&((((V17))&((V30)))))"
