"posterior","tree"
1,"I(((((V20))&((V12))))&((V7)))"
0.999999999999998,"I(V37)"
0.999999999999229,"I(((((V30))&((V10))))&((V17)))"
0.999999999999229,"I(((V9))&((V2)))"
0.999988733778719,"I(((V30))&((V4)))"
0.104517225850762,"I(V30)"
