"posterior","tree"
0.999999999999997,"I(((V9))&((V2)))"
0.999999999999997,"I(V37)"
0.999999542960515,"I(((V7))&((((V20))&((V12)))))"
0.999999542960515,"I(((((V4))&((((V17))&((V30))))))&((V10)))"
