"posterior","tree"
0.999999999999996,"I(((V17))&((V10)))"
0.999999999999996,"I(V37)"
0.999999999999996,"I(((((V30))))&((((V17))&((V4)))))"
0.999999999999996,"I(((V9))&((V2)))"
0.999999999999996,"I(((((((V20))&((V12))))&((V7)))))"
0.999670403328063,"I(V17)"
