"posterior","tree"
0.999999999999998,"I(V37)"
0.999999999999475,"I(((V12))&((((V20))&((V7)))))"
0.999995827407548,"I(((V9))&((V2)))"
0.999995827407542,"I(((((V30))&((V10))))&((((V4))|((V26)))))"
0.999995827407542,"I(((V4))&((((((V30))&((V17)))))))"
0.85389137622999,"I(V30)"
