"posterior","tree"
0.999999999999998,"I(V37)"
0.999999999999997,"I(((V2))&((V9)))"
0.999999999967998,"I(((((V20))&((V7))))&((V12)))"
0.999916447827852,"I(((((V17))&((V30))))&((V10)))"
