"posterior","tree"
0.999999999999996,"I(V37)"
0.999999999999996,"I(((V9))&((V2)))"
0.999999999999996,"I(((((V20))&((V7))))&((V12)))"
0.999999999999993,"I(((V4))&((((V17))&((V30)))))"
0.99999999972427,"I(((((((((V4))&((V10))))&((V17)))))))"
0.999888927489315,"I(V17)"
0.998318225224494,"I(V4)"
