"posterior","tree"
0.999999999999999,"I(((V2))&((V9)))"
0.999999999999999,"I(V37)"
0.999999999129317,"I(((((((V30))&((V4))))&((((V10))&((V17)))))))"
0.999999999129317,"I(((V20))&((((((V7))&((V12)))))))"
