"posterior","tree"
0.999999999999996,"I(V37)"
0.99999999999999,"I(((V9))&((V2)))"
0.999999999999985,"I(((V17))&((((((V10))&((V4))))&((V30)))))"
0.999999999999985,"I(((V12))&((((V20))&((V7)))))"
