"posterior","tree"
0.999999999999998,"I(V37)"
0.99999730238057,"I(((V9))&((V2)))"
0.999997302380567,"I(((V20))&((((V12))&((V7)))))"
0.999997298277833,"I(((V17))&((V30)))"
