"posterior","tree"
0.999999999999998,"I(V37)"
0.999999999999998,"I(((((V20))&((V7))))&((V12)))"
0.999999999999998,"I(((((V2))&((V9)))))"
0.999999999999998,"I(((((V10))&((V17))))&((V4)))"
0.999974907393661,"I(((V10))&((V30)))"
0.968371287338157,"I(V10)"
