"posterior","tree"
0.999999999999997,"I(((V2))&((V9)))"
0.999999999999997,"I(V37)"
0.999999822771764,"I(((((V20))&((V12))))&((V7)))"
0.999999822382428,"I(((((((V4))&((V17))))&((V10))))&((V30)))"
