"posterior","tree"
0.999999995496279,"I(((V20))&((((((V7))&((V12)))))))"
0.882259764218648,"I(V37)"
0.111001373443441,"I(((V9))&((V2)))"
