"posterior","tree"
0.999999999999915,"I(((V12))&((((V20))&((V7)))))"
0.999999999999895,"I(((V9))&((V2)))"
0.999999937434147,"I(V37)"
