"posterior","tree"
0.999999999999997,"I(V37)"
0.999994445966348,"I(((V9))&((V2)))"
0.999994312459391,"I(((((((((((V7))&((V12))))&((V20)))))))))"
0.999994195921678,"I(((V30))&((V10)))"
