"posterior","tree"
0.999999999999995,"I(V37)"
0.999999986513883,"I(((V9))&((V2)))"
0.999999973028615,"I(((((V20))&((V12))))&((V7)))"
0.999999973026822,"I(((((((V17))&((V30))))&((V10))))&((((V4)))))"
