"posterior","tree"
0.999999999999998,"I(((V2))&((V9)))"
0.999999999998868,"I(V37)"
0.999999506228463,"I(((((V20))&((V7))))&((V12)))"
0.999999506228463,"I(((((V10))&((((V17))&((((V30))&((V4)))))))))"
