"posterior","tree"
0.999999999999996,"I(V37)"
0.999999999999996,"I(((V9))&((V2)))"
0.999999999999803,"I(((V7))&((((((V20))&((V12)))))))"
0.999999999999803,"I(((V30))&((((V4))&((((V17))&((V10)))))))"
