"posterior","tree"
0.999999999999996,"I(((V9))&((V2)))"
0.999999260692477,"I(((V20))&((((((V12))&((V7)))))))"
0.999447031320114,"I(V37)"
