"posterior","tree"
0.999999999999997,"I(V37)"
0.999999999999997,"I(((V12))&((((V20))&((V7)))))"
0.999677449667384,"I(V9)"
0.999677222961128,"I(((V30))&((((V4))&((((((V10))&((V17)))))))))"
0.99967682631723,"I(((V2))&((((V17))|((V9)))))"
0.997134253939661,"I(((V2))&((V17)))"
0.952552010811242,"I(V2)"
