"posterior","tree"
0.999999794566779,"I(((((V7))&((V12))))&((V20)))"
0.999999794547753,"I(((V9))&((V2)))"
0.995616200901064,"I(V37)"
