"posterior","tree"
0.999999999999997,"I(((V2))&((V9)))"
0.999999999999997,"I(((((((V12))&((V7))))&((V20)))))"
0.999999999994957,"I(((V37))&((((((V17))&((V10))))&((((V30)))))))"
0.999975972385278,"I(V37)"
0.158326051306485,"I(((((V17))&((V10))))&((((V30))&((V5)))))"
