"posterior","tree"
0.999999999999997,"I(((V9))&((V2)))"
0.999999999999997,"I(V37)"
0.999999999999997,"I(((V20))&((((V7))&((V12)))))"
0.999999999999997,"I(((((V17))&((((V30))&((V10))))))&((V4)))"
