"posterior","tree"
1,"I(((V2))&((V9)))"
0.999999999999999,"I(V37)"
0.99999999999962,"I(((((V12))&((V20))))&((V7)))"
0.997944138434526,"I(((V30))&((V4)))"
