"posterior","tree"
0.999999999999997,"I(V37)"
0.999999764495734,"I(((((V30))&((V4))))&((V17)))"
0.999999764495734,"I(((V2))&((V9)))"
0.999999764495734,"I(((((V20))&((((V12))&((V7)))))))"
