"posterior","tree"
0.999999999974727,"I(V37)"
0.999999999808733,"I(((V2))&((V9)))"
0.999999999808733,"I(((V12))&((((V20))&((V7)))))"
0.999999999808733,"I(((((((((V4))&((V17))))&((V30)))))))"
