"posterior","tree"
0.999999999999998,"I(V37)"
0.999999999999998,"I(((V9))&((V2)))"
0.999998895169944,"I(((((V12))&((V20))))&((V7)))"
0.999998895169944,"I(((V30))&((((((V4))&((V17))))&((V10)))))"
