"posterior","tree"
0.999999999999996,"I(((V9))&((V2)))"
0.999999999999996,"I(V37)"
0.999999998591136,"I(((((V30))))&((((V10))&((((V17))&((V4)))))))"
0.99999999712771,"I(((V12))&((((V7))&((V20)))))"
