"posterior","tree"
0.999999999999995,"I(((V9))&((V2)))"
0.999999999999995,"I(V37)"
0.999999993836548,"I(((V12))&((((V20))&((V7)))))"
0.999999993836548,"I(((((V30))&((V4))))&((((V10))&((V17)))))"
