"posterior","tree"
0.999999999999997,"I(V37)"
0.999999999999997,"I(((((V30))&((V4))))&((V17)))"
0.999999999999906,"I(((V9))&((V2)))"
0.999999999999815,"I(((((V12))&((V7))))&((((V20)))))"
