"posterior","tree"
0.999999999999995,"I(V37)"
0.999999999999958,"I(((V2))&((V9)))"
0.999999996652368,"I(((V20))&((((((((V7))&((V12)))))))))"
0.999999996652366,"I(((((V10))&((V4))))&((((V10))&((V30)))))"
