"posterior","tree"
0.999999999999997,"I(((V2))&((V9)))"
0.999999999999997,"I(V37)"
0.999999999999997,"I(((((V12))&((V7))))&((((V20)))))"
0.999999999999997,"I(((((V17))&((V30))))&((((V4))&((V10)))))"
