"posterior","tree"
0.999999999999997,"I(V37)"
0.99999995767892,"I(((V9))&((V2)))"
0.999995625715409,"I(V20)"
0.99999562237813,"I(((V20))|((((V7))&((V12)))))"
0.99999562237813,"I(((((V30))&((((V4))&((V10)))))))"
0.99999562237813,"I(((((V7))&((V12)))))"
0.99999562237813,"I(((((((V30))&((((V4))&((V10))))))))&((((V20))&((V17)))))"
