"posterior","tree"
0.999999999999998,"I(V37)"
0.999999385489753,"I(((V12))&((((V20))&((V7)))))"
0.999999385489753,"I(((V2))&((V9)))"
0.999999385489753,"I(((((((V10))&((V4))))&((((((V17))&((V30)))))))))"
