"posterior","tree"
0.99999970057004,"I(((((V12))&((V7))))&((V20)))"
0.999999518434489,"I(((V2))&((V9)))"
0.999997919721664,"I(V37)"
