"posterior","tree"
0.999999999999998,"I(((V2))&((V9)))"
0.999999999999998,"I(V37)"
0.999999999999998,"I(((((V7))&((V12))))&((V20)))"
0.999999999999998,"I(((((V17))&((((V4))&((((V10))&((V30)))))))))"
