"posterior","tree"
0.999999999999997,"I(V37)"
0.999999999999997,"I(((V20))&((((V12))&((V7)))))"
0.999999999999997,"I(((V2))&((V9)))"
0.999999999999997,"I(((((V17))&((((V30))&((V10))))))&((V4)))"
