"posterior","tree"
0.999999999999998,"I(V37)"
0.999999999999998,"I(((((V30))&((V10))))&((V4)))"
0.999999999999998,"I(((V17))&((((V9))&((((((V30))&((V10))))&((V4)))))))"
0.999999999999998,"I(((V2))&((V9)))"
0.999999999999998,"I(((V12))&((((V7))&((V20)))))"
0.999795779946294,"I(V17)"
0.998354182469518,"I(((V9))&((((((V30))&((V10))))&((V4)))))"
