"posterior","tree"
0.999999999999996,"I(((V2))&((V9)))"
0.999999999999996,"I(V37)"
0.999999991889256,"I(((((((V10))&((((V4))&((V17))))))&((V30)))))"
0.999999991889256,"I(((V20))&((((V12))&((V7)))))"
