"posterior","tree"
0.999999999999998,"I(V37)"
0.999999999973117,"I(((V9))&((V2)))"
0.999999999971458,"I(((V7))&((((V20))&((V12)))))"
0.999999999971458,"I(((V17))&((((V10))&((((((V30))&((V4)))))))))"
