"posterior","tree"
0.999999999999998,"I(V37)"
0.999999999999998,"I(((((V10))&((((V4))&((V17))))))&((V30)))"
0.999999999999998,"I(((((V20))&((((V12))&((V7)))))))"
0.999999986647574,"I(((V2))&((V9)))"
