"posterior","tree"
0.999999999999996,"I(V37)"
0.999999999996578,"I(((V9))&((V2)))"
0.99999999999636,"I(((V20))&((((V12))&((V7)))))"
0.999772359169032,"I(((V10))&((V30)))"
0.990922568849497,"I(((V30))&((V4)))"
0.217397296780504,"I(V30)"
