"posterior","tree"
0.999999999999996,"I(((V2))&((V9)))"
0.999999824004651,"I(((((V12))&((V7))))&((V20)))"
0.999446475059144,"I(V37)"
