"posterior","tree"
0.999999999999997,"I(((V9))&((V2)))"
0.999999999999997,"I(V37)"
0.999999985928543,"I(((V20))&((((((V7))&((V12)))))))"
0.999999985928543,"I(((((((V10))&((V17))))&((V4))))&((V30)))"
