"posterior","tree"
0.999999999999999,"I(V37)"
0.999999999999955,"I(((V9))&((V2)))"
0.999999837420661,"I(((V7))&((((V20))&((V12)))))"
0.999999837420661,"I(((((V4))&((V10))))&((((V17))&((V30)))))"
