"posterior","tree"
0.999999999999998,"I(V37)"
0.999999774571425,"I(((V2))&((V9)))"
0.999999716070651,"I(((V20))&((((V12))&((V7)))))"
