"posterior","tree"
0.999999999999996,"I(V37)"
0.999999999999996,"I(((V2))&((((V9)))))"
0.999999999999996,"I(((V20))&((((V12))&((V7)))))"
0.999999999999996,"I(((((V4))&((V30))))&((V10)))"
