"posterior","tree"
0.999999999999998,"I(V37)"
0.999999999998414,"I(((V9))&((V2)))"
0.999999995302725,"I(((V7))&((((V20))&((V12)))))"
0.999999995302725,"I(((((((V30))&((V17))))&((((V4))&((V10)))))))"
