"posterior","tree"
0.999999999999998,"I(V37)"
0.999999999999998,"I(((V30))&((((V4))&((V10)))))"
0.999999999999998,"I(((V20))&((((V12))&((V7)))))"
0.999999999999998,"I(((V9))&((V2)))"
0.999999999999937,"I(((V10))&((((V4))&((V17)))))"
0.99999987476272,"I(((V17))&((V30)))"
0.738647385924911,"I(V30)"
0.636481485056612,"I(V17)"
0.133022274740279,"I(V4)"
