"posterior","tree"
0.9999999999985,"I(V37)"
0.999999701682459,"I(((V20))&((((V12))&((V7)))))"
0.999999701682457,"I(((V2))&((V9)))"
0.999999701682317,"I(((((V4))&((V10))))&((V17)))"
