"posterior","tree"
0.999999999999999,"I(V37)"
0.999999999999999,"I(((V2))&((V9)))"
0.999996604602384,"I(V4)"
0.999996602448261,"I(((((V10))&((V30))))&((V17)))"
0.999996602448261,"I(((((V20))&((V12))))&((V7)))"
