"posterior","tree"
0.999999999999996,"I(V37)"
0.999999999996878,"I(((V9))&((V2)))"
0.999999999996878,"I(((((V7))&((V20))))&((V12)))"
0.999999999996878,"I(((((((V17))&((V4))))&((V10))))&((V30)))"
