"posterior","tree"
0.999999999999997,"I(((V2))&((V9)))"
0.999999999999997,"I(((((V4))&((V10))))&((((V17)))))"
0.999999999999997,"I(((V7))&((((V20))&((V12)))))"
0.999999999980107,"I(V37)"
