"posterior","tree"
0.999994467336433,"I(((V7))&((((V12))&((V20)))))"
0.998952390998078,"I(V37)"
