"posterior","tree"
0.999999999999997,"I(V37)"
0.999999987834104,"I(((((V4))))&((((((V17))&((V30))))&((V10)))))"
0.999999986370742,"I(((V7))&((((V20))&((V12)))))"
0.999999986370687,"I(((V2))&((V9)))"
