"posterior","tree"
1,"I(V37)"
0.999999997302301,"I(V2)"
0.999999997302132,"I(V9)"
0.999999997300283,"I(((((V30))&((((V10))&((V17))))))&((V4)))"
0.999999997300283,"I(((V20))&((((V12))&((V7)))))"
