"posterior","tree"
0.999999999999997,"I(((V9))&((V2)))"
0.999999999999997,"I(((V7))&((((V20))&((V12)))))"
0.999999999999997,"I(((((((V10))&((V17))))&((V4))))&((V30)))"
0.999839181351121,"I(((V9))&((V37)))"
0.138275387022954,"I(V9)"
