"posterior","tree"
0.999999999999996,"I(V37)"
0.999999999999996,"I(((V9))&((V2)))"
0.999999999999996,"I(((((V7))&((V12))))&((V20)))"
0.999999999999078,"I(((((V4))&((V10))))&((((V30))&((V17)))))"
