"posterior","tree"
0.999999999999999,"I(V37)"
0.999999999999999,"I(((((((V10))&((V30))))&((V4))))&((V17)))"
0.999999999999999,"I(((V12))&((((V20))&((V7)))))"
0.999999999999999,"I(((V9))&((V2)))"
