"posterior","tree"
0.999999999999996,"I(V37)"
0.999999586637083,"I(((V9))&((V2)))"
0.999999586616235,"I(((V20))&((((V12))&((V7)))))"
0.931865142986144,"I(((V10))&((V17)))"
0.06814125640836,"I(((V10))&((V30)))"
