"posterior","tree"
0.999999999999999,"I(((V9))&((V2)))"
0.999999999999999,"I(V37)"
0.999999999999999,"I(((V7))&((((V12))&((V20)))))"
0.999999999999999,"I(((((V4))&((((V30))&((((V17))&((V10)))))))))"
