"posterior","tree"
0.999999999999996,"I(((V9))&((V2)))"
0.999999999999992,"I(((V20))&((((V7))&((V12)))))"
0.999999999999992,"I(((((((V10))&((((V17))&((V4))))))&((V30)))))"
0.999999999999982,"I(V37)"
