"posterior","tree"
0.999999999999998,"I(V37)"
0.999999589435515,"I(((V7))&((((V20))&((V12)))))"
0.999999589422015,"I(((V2))&((V9)))"
