"posterior","tree"
0.999991552654982,"I(((((V12))&((V7))))&((V20)))"
0.999991473342202,"I(((V2))&((((V9)))))"
0.999985700064495,"I(V37)"
