"posterior","tree"
0.999999999999999,"I(V37)"
0.999999999999999,"I(((V2))&((V9)))"
0.999999999999999,"I(((((((V12))))&((((V20))&((V7)))))))"
0.999999999999999,"I(((((V30))&((V17))))&((V10)))"
