"posterior","tree"
0.999999999999996,"I(V37)"
0.999999999989701,"I(((V2))&((V9)))"
0.999999565273856,"I(((((((V7))&((V12))))))&((V20)))"
0.999714871829971,"I(((V30))&((V17)))"
