"posterior","tree"
0.999999999999995,"I(V37)"
0.999999999999962,"I(V2)"
0.999999999999962,"I(V9)"
0.999999999999962,"I(((((V7))&((V20))))&((((V12))&((V7)))))"
0.999999999999962,"I(((((((V4))&((V10))))&((V30))))&((V17)))"
0.743363028570637,"I(((V9))|((((V2))&((V10)))))"
0.739856017957097,"I(((V2))&((V10)))"
