"posterior","tree"
0.999999999999998,"I(V37)"
0.999999990896861,"I(((V2))&((V9)))"
0.999997476855417,"I(((((((V12))&((V7))))&((V20)))))"
