"posterior","tree"
0.999999999999997,"I(V37)"
0.999999999931844,"I(((V2))&((V9)))"
0.999999999843263,"I(((((V12))))&((((V20))&((V7)))))"
0.975013497807831,"I(((((V10))&((V17))))&((V30)))"
