"posterior","tree"
0.999999999999999,"I(V37)"
0.999999999999999,"I(((V2))&((V9)))"
0.999999956903853,"I(((V20))&((((((V7))&((V12)))))))"
0.999999956903853,"I(((((((V30))&((V10))))&((V4))))&((V17)))"
