"posterior","tree"
0.999999996616398,"I(V37)"
0.999999896805139,"I(((V9))&((V2)))"
0.999999663171515,"I(((((((V12))&((V20))))&((V7)))))"
