"posterior","tree"
0.999999999999996,"I(V37)"
0.999999999999995,"I(((V9))&((V2)))"
0.999999999999995,"I(((((V12))&((V7))))&((V20)))"
0.999999999999995,"I(((V10))&((((((V30))))&((((V17))&((V4)))))))"
