"posterior","tree"
0.999999999999998,"I(V37)"
0.999999999999998,"I(((((V17))&((V30))))&((V4)))"
0.999999999999998,"I(((V7))&((((((((V20))&((V12)))))))))"
0.999999999999998,"I(((((V2))&((V9)))))"
0.999871579037534,"I(((V17))&((V10)))"
0.985461987811603,"I(V17)"
