"posterior","tree"
0.999999999999999,"I(V37)"
0.999999999999999,"I(((((V4))&((V17))))&((V30)))"
0.999999999999999,"I(((V20))&((((V12))&((V7)))))"
0.999999999999999,"I(((V9))&((V2)))"
0.999999999999998,"I(V10)"
