"posterior","tree"
0.999999999999997,"I(((V9))&((V2)))"
0.999999999999997,"I(V37)"
0.999994114789901,"I(((((V7))&((V12))))&((V20)))"
