"posterior","tree"
0.999999999999999,"I(V37)"
0.999999999998339,"I(((V2))&((((V9)))))"
0.999999999998339,"I(((((V12))&((V7))))&((V20)))"
0.999999999998339,"I(((((V10))&((((V4))&((V17))))))&((V30)))"
