"posterior","tree"
0.999999999999993,"I(V37)"
0.999999999999993,"I(((V2))&((V9)))"
0.999999999999993,"I(((((((V10))&((V17))))&((V4))))&((V30)))"
0.999999999999993,"I(((V20))&((((V12))&((V7)))))"
