"posterior","tree"
0.999999999999999,"I(V37)"
0.999999999999999,"I(((((((V30))&((((V17))&((V4))))))))&((V10)))"
0.999999999999999,"I(((V20))&((((V7))&((V12)))))"
0.999999999999999,"I(((V2))&((V9)))"
