"posterior","tree"
0.999999999999998,"I(V37)"
0.999999506385032,"I(((V9))&((V2)))"
0.999999506383834,"I(((V7))&((((V12))&((V20)))))"
