"posterior","tree"
0.999999999999999,"I(V37)"
0.99999999413066,"I(((V7))&((((V20))&((V12)))))"
0.999999960522315,"I(((V2))&((V9)))"
