"posterior","tree"
0.999999999999998,"I(V37)"
0.999999931202338,"I(((V2))&((V9)))"
0.999999163100498,"I(((V12))&((((V7))&((V20)))))"
0.999998441881928,"I(((((V10))&((((V30))&((V4))))))&((V17)))"
