"posterior","tree"
0.999999999999999,"I(((V9))&((V2)))"
0.999999999999999,"I(V37)"
0.999999999999999,"I(((((((V10))&((V4))))|((((V30))&((V17)))))))"
0.999999999999999,"I(((V30))&((V17)))"
0.999999999999999,"I(((V12))&((((V20))&((V7)))))"
0.99999250025317,"I(((V10))&((V4)))"
