"posterior","tree"
0.999999999999999,"I(V37)"
0.999999999992662,"I(((V10))&((((V4))&((((V17))&((V30)))))))"
0.999999999989898,"I(((((V7))&((V20))))&((V12)))"
0.999999999989898,"I(((V9))&((V2)))"
