"posterior","tree"
0.999999677106935,"I(((((V12))&((V7))))&((V20)))"
0.999376347933228,"I(V37)"
