"posterior","tree"
1,"I(((V20))&((((V12))&((V7)))))"
0.999999999968031,"I(V37)"
0.674713156400426,"I(((V2))&((V9)))"
0.674713156400425,"I(((((V4))&((V30))))&((V17)))"
0.326168850208621,"I(V2)"
0.326165871130234,"I(V9)"
0.325286843599574,"I(((((V30))&((((V4))&((V10))))))&((V17)))"
