"posterior","tree"
0.999999999999995,"I(V37)"
0.999994117314351,"I(((V2))&((V9)))"
0.999992580954182,"I(((((((V12))&((((V20))&((V7)))))))))"
