"posterior","tree"
0.999999999999999,"I(V37)"
0.999999999999999,"I(((V2))&((V9)))"
0.999999999999998,"I(((V4))&((((V17))&((((V30))&((V10)))))))"
0.977066947519585,"I(((((V20))&((((V12))&((V7)))))))"
