"posterior","tree"
0.999999999999996,"I(V37)"
0.999999759192441,"I(((V2))&((V9)))"
0.999999759192441,"I(((((V12))&((V20))))&((V7)))"
