"posterior","tree"
0.999999999999998,"I(V37)"
0.999999999922884,"I(((V2))&((V9)))"
0.999999999892979,"I(((((V10))&((V30))))&((V4)))"
0.999999999892979,"I(((V12))&((((V20))&((V7)))))"
