"posterior","tree"
0.999999999999998,"I(((V2))&((V9)))"
0.999999999999998,"I(V37)"
0.999999789797062,"I(((((V20))&((V7))))&((V12)))"
0.999998983690213,"I(((((V10))&((V4))))&((((V17))&((V30)))))"
