"posterior","tree"
0.999999999999999,"I(V37)"
0.999999986789957,"I(((((V10))&((V4))))&((V30)))"
0.999999986789957,"I(((V12))&((((V7))&((V20)))))"
0.999999986789957,"I(((V2))&((V9)))"
0.999999986777967,"I(V17)"
