"posterior","tree"
0.999999999999997,"I(V37)"
0.999999999765268,"I(((V9))&((V2)))"
0.999995753621113,"I(((V12))&((((V20))&((V7)))))"
