"posterior","tree"
0.999999999999999,"I(V37)"
0.999999999999998,"I(((V2))&((V9)))"
0.999999975705663,"I(((V4))&((((V10))&((V30)))))"
0.999999975705663,"I(((V20))&((((V12))&((V7)))))"
0.999999975705663,"I(((((V10))&((V30))))&((V17)))"
0.999999975700549,"I(((V10))&((V30)))"
