"posterior","tree"
0.999999999999998,"I(V37)"
0.999999999953897,"I(((V2))&((V9)))"
0.999999999953897,"I(((((V17))&((((V4))&((((V10))&((V30)))))))))"
0.999999999953897,"I(((V12))&((((V7))&((V20)))))"
