"posterior","tree"
0.999999999999999,"I(V37)"
0.99999999991169,"I(((V2))&((V9)))"
0.999996640146441,"I(V20)"
0.999996638736064,"I(((V20))|((((((V12))&((V7)))))))"
0.999996638736064,"I(((V12))&((V7)))"
0.999996638736064,"I(((((V4))&((((V30))&((V17))))))&((((V10)))))"
