"posterior","tree"
0.999999999999999,"I(V37)"
0.99999999999801,"I(((V2))&((V9)))"
0.999999968584345,"I(((V12))&((((V20))&((V7)))))"
