"posterior","tree"
0.999999989260216,"I(((V20))&((((V7))&((V12)))))"
0.982611074194609,"I(V9)"
0.259768072695545,"I(V2)"
