"posterior","tree"
0.999999999999997,"I(((((V12))))|((((V20))&((V7)))))"
0.999999999999997,"I(V12)"
0.999999999999997,"I(((V17))&((((((V4))&((V10))))&((V30)))))"
0.999999999999997,"I(((V20))&((V7)))"
0.999999999999997,"I(((V9))&((V2)))"
0.999999999999997,"I(V37)"
