"posterior","tree"
0.99999211051275,"I(((V20))&((((V12))&((V7)))))"
0.545185527788651,"I(((V2))&((V9)))"
0.425102428720117,"I(V37)"
