"posterior","tree"
0.999993617568684,"I(((((V12))&((((V20))&((V7)))))))"
0.999993617560096,"I(((V2))&((V9)))"
0.999855964534403,"I(V37)"
