"posterior","tree"
0.999999999999997,"I(V37)"
0.999999998750692,"I(((V2))&((V9)))"
0.955789496824728,"I(((((V12))&((V7))))&((V20)))"
0.949319654521156,"I(((((V4))&((V17))))&((V10)))"
0.949308698330015,"I(((V37))&((V30)))"
0.0506803454788408,"I(((((V17))&((V30))))&((V4)))"
