"posterior","tree"
0.999999999999997,"I(((V9))&((V2)))"
0.999999999999997,"I(V37)"
0.999999999959181,"I(((((V20))&((V7))))&((V12)))"
0.999999999959181,"I(((((V17))&((((V10))&((V30))))))&((V4)))"
