"posterior","tree"
0.999999999999992,"I(V37)"
0.999999999999777,"I(((V9))&((V2)))"
0.999999999979808,"I(((V20))&((((V12))&((V7)))))"
0.999999999979808,"I(((V4))&((((V17))&((V30)))))"
0.999942571296263,"I(((((V4))&((((V17))&((((V30))&((V10))))))))&((V1)))"
0.928883060993609,"I(V10)"
