"posterior","tree"
0.999999999999998,"I(((V2))&((V9)))"
0.999999999999998,"I(((V20))&((((V7))&((V12)))))"
0.999999999999998,"I(V37)"
0.999999999999998,"I(((((V17))&((V30))))&((((V10))&((V4)))))"
