"posterior","tree"
0.999999999999995,"I(V37)"
0.999999999550257,"I(((V2))&((V9)))"
0.999999999550223,"I(((V20))&((((V12))&((V7)))))"
