"posterior","tree"
0.999999999999999,"I(V37)"
0.999999999999999,"I(((V12))&((((V20))&((V7)))))"
0.999999999999999,"I(((V9))&((V2)))"
0.999999999998132,"I(((V30))&((V10)))"
0.999999999985211,"I(((V30))&((V17)))"
0.999999999210437,"I(V4)"
0.999474489857041,"I(V30)"
