"posterior","tree"
0.999999999999998,"I(V37)"
0.999999192730103,"I(((((V17))&((V4))))&((V10)))"
0.999999192730103,"I(((V9))&((V2)))"
0.999999192730103,"I(((V20))&((((V7))&((V12)))))"
