"posterior","tree"
0.999999999999997,"I(V37)"
0.99999641196902,"I(((((V12))&((V7))))&((V20)))"
0.99999641196902,"I(((V2))&((V9)))"
0.999996411961286,"I(((V17))&((((V4))&((((V30))&((V10)))))))"
