"posterior","tree"
0.999999999999999,"I(V37)"
0.999999999999999,"I(((V2))&((V9)))"
0.999999999999999,"I(((((V30))&((V10))))&((((V17))&((V4)))))"
0.999476940021287,"I(V12)"
0.99947629173658,"I(((((V12))|((((V20))&((V7)))))))"
0.99947629173658,"I(((V20))&((V7)))"
