"posterior","tree"
0.999999999999997,"I(((V2))&((V9)))"
0.999999999999997,"I(V37)"
0.999999993931756,"I(((V17))&((((((V30))&((V10))))&((V4)))))"
0.999999992512378,"I(((((V20))&((V7))))&((V12)))"
