"posterior","tree"
0.999999999999987,"I(V37)"
0.999999817483614,"I(((((V17))&((V30))))&((V4)))"
0.999998320571044,"I(((V2))&((V9)))"
0.999998317371521,"I(((V7))&((((V12))&((V20)))))"
