"posterior","tree"
0.999999999999998,"I(((((V7))&((V20))))&((V12)))"
0.999999999999998,"I(V37)"
0.999999999974208,"I(((V9))&((V2)))"
0.999999999974208,"I(((((V17))&((((V30))))))&((((V4))&((V10)))))"
