"posterior","tree"
0.999999999999995,"I(V37)"
0.999999999999995,"I(((((((V17))&((V30))))&((V4))))&((V10)))"
0.999999999999995,"I(((V9))&((V2)))"
0.999999999999995,"I(((V12))&((((V7))&((V20)))))"
