"posterior","tree"
0.999999999999999,"I(V37)"
0.999999999911689,"I(((V2))&((V9)))"
0.999999999909755,"I(V20)"
0.999999999909722,"I(((V20))|((((((V12))&((V7)))))))"
0.999999999909722,"I(((V12))&((V7)))"
0.999999999909722,"I(((((V4))&((((V30))&((V17))))))&((((V10)))))"
