"posterior","tree"
0.999999999999999,"I(V37)"
0.999999995352244,"I(((V9))&((V2)))"
0.99999999535174,"I(((V12))&((((V7))&((V20)))))"
0.99999999535174,"I(((V10))&((((V30))&((((((V4))&((V17)))))))))"
