"posterior","tree"
0.999999336042818,"I(((V12))&((((V7))&((((V20)))))))"
0.99999927574882,"I(((((V2))&((V9)))))"
0.999447216560543,"I(V37)"
