"posterior","tree"
0.999999999999997,"I(V37)"
0.999999999999997,"I(((V10))&((((((V4))&((V30))))&((((V17))&((V30)))))))"
0.999999999999997,"I(((((V20))&((V7))))&((V12)))"
0.999999999999997,"I(((V2))&((V9)))"
