"posterior","tree"
0.999999999999998,"I(((V2))&((V9)))"
0.999999999999998,"I(V37)"
0.999998844954464,"I(((((V12))&((V20))))&((V7)))"
0.999998844954464,"I(((V30))&((((V4))&((((V10))&((V17)))))))"
