"posterior","tree"
0.999999261054153,"I(((V9))&((V2)))"
0.999999261054153,"I(((((V7))&((((V20))&((V12)))))))"
0.999447188691059,"I(V37)"
