"posterior","tree"
0.999999999999998,"I(V37)"
0.999999999999998,"I(((V2))&((V9)))"
0.999999999999612,"I(((V7))&((((V20))&((V12)))))"
0.999999999999612,"I(((((V4))&((V17))))&((((V30))&((V10)))))"
