"posterior","tree"
0.999999999999996,"I(V37)"
0.999999999999996,"I(((V17))&((((V4))&((V30)))))"
0.999999999999996,"I(((V9))&((V2)))"
0.999999999999996,"I(((V7))&((((V12))&((V20)))))"
