"posterior","tree"
0.999999999999997,"I(V37)"
0.999999908858686,"I(((V2))&((V9)))"
0.999998886290111,"I(((((V20))&((V7))))&((V12)))"
0.999998252507735,"I(((((((V17))&((V4))))&((V30))))&((V10)))"
