"posterior","tree"
0.999999999999996,"I(V37)"
0.999999999918124,"I(((V9))&((V2)))"
0.999999999918124,"I(((((((V12))&((V20))))&((((V7)))))))"
0.999969688535658,"I(((((V30))&((V4))))&((V10)))"
