"posterior","tree"
0.999997486862491,"I(((V20))&((((V12))&((V7)))))"
0.99984621842916,"I(V37)"
