"posterior","tree"
0.999999999999997,"I(V37)"
0.999999975274553,"I(((V2))&((V9)))"
0.999999975273476,"I(((((((V7))&((V12))))&((V20)))))"
0.999999975273476,"I(((((V30))&((V4))))&((V10)))"
