"posterior","tree"
0.999999999999992,"I(V37)"
0.999999984995249,"I(((V9))&((V2)))"
0.999999984995248,"I(((((V12))&((V7))))&((V20)))"
0.999984541904428,"I(((((V17))&((V30))))&((V10)))"
0.999966040088538,"I(((V4))&((V30)))"
0.996285955059996,"I(V30)"
