"posterior","tree"
0.999999999999998,"I(V37)"
0.999999966846557,"I(((V9))&((V2)))"
0.999991038111586,"I(((((V12))&((V7))))&((V20)))"
0.999991004958145,"I(((((V17))&((V10))))|((((V4))&((V30)))))"
0.999991004958145,"I(((V4))&((V30)))"
0.999991004958145,"I(((V17))&((V10)))"
