"posterior","tree"
0.999999999999996,"I(((V12))&((((V7))&((V20)))))"
0.999999999999996,"I(((V2))&((V9)))"
0.999999999999996,"I(((((((V4))&((V10))))&((V35))))&((((V30))&((V17)))))"
0.999999999999986,"I(V37)"
0.999999732297384,"I(((V4))&((V10)))"
0.990355858607112,"I(((V30))&((V17)))"
0.0570779439200461,"I(((((V30))&((V17))))&((V35)))"
