"posterior","tree"
0.999999999999996,"I(V37)"
0.999999999999994,"I(((V9))&((V2)))"
0.999997842993178,"I(((V7))&((((V20))&((V12)))))"
0.999995685971453,"I(((((V30))&((V17))))&((V4)))"
