"posterior","tree"
0.999999999999999,"I(V37)"
0.999999999962879,"I(V9)"
0.999999999962869,"I(V2)"
0.99999999996284,"I(((((V10))&((V17))))&((((V4))&((V30)))))"
0.99999999996284,"I(((V7))&((((V20))&((V12)))))"
