"posterior","tree"
0.999999999999998,"I(((V9))&((V2)))"
0.999999999999998,"I(V37)"
0.999999999996073,"I(((((V7))&((((V12))&((V20)))))))"
0.999999999996073,"I(((((V4))&((V17))))&((((((V10))&((V30)))))))"
