"posterior","tree"
1,"I(((V9))&((V2)))"
0.999999999999999,"I(V37)"
0.999999988924946,"I(((V4))&((V10)))"
0.999999988924946,"I(((((V30))&((V4))))&((((V4))&((V17)))))"
0.999999988924946,"I(((V12))&((((V20))&((V7)))))"
0.999663569037686,"I(V4)"
