"posterior","tree"
0.999999999999997,"I(V37)"
0.999999999989437,"I(((((V10))&((V4))))&((V30)))"
0.999999999989437,"I(((V7))&((((V20))&((V12)))))"
0.999999999989437,"I(((V2))&((V9)))"
0.998610387651831,"I(((V10))&((V17)))"
0.361774962270188,"I(V10)"
