"posterior","tree"
1,"I(((V12))&((V7)))"
0.9999999975583,"I(((V9))&((V2)))"
0.999999949028466,"I(V37)"
0.999970270826992,"I(V20)"
0.999970174592909,"I(((V20))|((((V12))&((V7)))))"
