"posterior","tree"
0.999999999999998,"I(V37)"
0.999999999999998,"I(((V7))&((((V20))&((V12)))))"
0.999999999999998,"I(((((V17))&((V10))))&((V30)))"
0.999999999999996,"I(((V2))&((V9)))"
0.999998012678282,"I(((V10))&((V4)))"
0.422435349602462,"I(V10)"
