"posterior","tree"
0.999999999999997,"I(V37)"
0.999999963492904,"I(((V2))&((V9)))"
0.999994084647388,"I(((((V12))&((V20))))&((V7)))"
