"posterior","tree"
0.999999999999998,"I(V37)"
0.999999999999998,"I(((V2))&((V9)))"
0.999946035402836,"I(((V12))&((((V7))&((V20)))))"
0.980552569350608,"I(((((V17))&((V4))))&((V30)))"
0.980552556893317,"I(V10)"
