"posterior","tree"
0.999999752897957,"I(((V2))&((V9)))"
0.999994162841262,"I(V37)"
0.999993918686022,"I(((((V20))&((V12))))&((((V7)))))"
0.991286498624172,"I(((V4))&((V17)))"
