"posterior","tree"
0.999999999999998,"I(V37)"
0.999999999999979,"I(((V20))&((((V12))&((V7)))))"
0.999999999999979,"I(((V2))&((V9)))"
0.999999999999979,"I(((((((V30))&((((V17))&((V10))))))))&((V4)))"
