"posterior","tree"
0.999999999989305,"I(V37)"
0.999999920122299,"I(((V2))&((V9)))"
0.999999920122299,"I(((((V12))&((V7))))&((V20)))"
0.987308235131162,"I(((((V30))&((V10))))&((V4)))"
