"posterior","tree"
0.999999999999998,"I(V37)"
0.999999999998929,"I(((V9))&((V2)))"
0.999999999921862,"I(((((V30))&((V4))))&((V17)))"
0.999999999921862,"I(((((V7))&((V20))))&((V12)))"
