"posterior","tree"
0.99999999878664,"I(((V2))&((V9)))"
0.999999998786462,"I(((((V20))&((((V12))&((((V7)))))))))"
0.999999967714402,"I(V37)"
