"posterior","tree"
0.999999999999998,"I(V37)"
0.999999999844763,"I(((V2))&((V9)))"
0.999999999776204,"I(((V12))&((((V20))&((V7)))))"
