"posterior","tree"
1,"I(((V4))&((((V30))&((V17)))))"
0.999999999999998,"I(V37)"
0.999999999999998,"I(((V2))&((V9)))"
0.999999890406784,"I(((V7))&((((((V12))&((V20)))))))"
0.999996636837655,"I(((((V17))&((V10))))&((V30)))"
0.115659240963281,"I(V17)"
0.11380855768996,"I(V30)"
