"posterior","tree"
1,"I(V37)"
1,"I(((V9))&((V2)))"
0.99999999996938,"I(((V10))&((V30)))"
0.99999999996938,"I(((V12))&((((V7))&((V20)))))"
0.999999999969354,"I(((V4))&((((((V17))&((V10))))&((V37)))))"
0.955519816136789,"I(V4)"
0.692131975519075,"I(V17)"
