"posterior","tree"
0.999999999999996,"I(V37)"
0.999999999999985,"I(((((V20))&((V12))))&((V7)))"
0.999999999999985,"I(((V17))&((((V30))&((((V4))&((V10)))))))"
0.999815391200155,"I(((V2))&((V9)))"
