"posterior","tree"
0.999999999928039,"I(V37)"
0.999999443978702,"I(((V9))&((V2)))"
0.999999443978667,"I(((((V30))&((V10))))&((V4)))"
0.999999443978667,"I(((((V12))&((((V20))&((V7)))))))"
