"posterior","tree"
0.999999999999998,"I(((V4))&((((V10))&((V17)))))"
0.999999999999998,"I(((V20))&((((V7))&((V12)))))"
0.999999999999998,"I(((V9))&((V2)))"
0.999999999999998,"I(V37)"
0.999999999999994,"I(((V10))&((V30)))"
0.999983200001141,"I(V10)"
