"posterior","tree"
0.999999999999997,"I(V37)"
0.999999999999997,"I(((V30))&((V10)))"
0.999999999999997,"I(((V7))&((((V12))&((V20)))))"
0.999999999999997,"I(((V2))&((V9)))"
0.999999999999989,"I(((V17))&((V4)))"
