"posterior","tree"
0.999999999999999,"I(V37)"
0.999999999999813,"I(((V9))&((V2)))"
0.999995226796197,"I(((V12))&((((V20))&((V7)))))"
