"posterior","tree"
0.999999999999997,"I(V37)"
0.999999999999997,"I(((V2))&((V9)))"
0.999999999999923,"I(((((V7))&((V12))))&((V20)))"
0.999999999999923,"I(((((V10))&((((V30))&((V4))))))&((V17)))"
