"posterior","tree"
0.999999999999998,"I(V37)"
0.999999962998281,"I(((V12))&((((V20))&((V7)))))"
0.999999962998281,"I(((V2))&((V9)))"
0.999999962998281,"I(((V4))&((((V30))&((((V17))&((V10)))))))"
