"posterior","tree"
0.999999999999998,"I(V37)"
0.999999999977032,"I(((V2))&((V9)))"
0.999999999974819,"I(((V20))&((((V12))&((V7)))))"
