"posterior","tree"
0.9999999999434,"I(((V9))&((V2)))"
0.999999930866044,"I(((((V20))&((V12))))&((V7)))"
0.999199632227741,"I(V37)"
