"posterior","tree"
0.99999999953502,"I(V37)"
0.99999945520351,"I(((((V12))&((V7))))&((V20)))"
0.99967956959977,"I(((((V2))&((V9)))))"
0.99967956959977,"I(((((V17))&((V30))))&((V10)))"
0.999679004192438,"I(V4)"
