"posterior","tree"
0.999999999999998,"I(((V9))&((V2)))"
0.999999999999998,"I(V37)"
0.999999959498954,"I(((V20))&((((V12))&((V7)))))"
0.999999959498954,"I(((((V17))&((V4))))&((((((V30))&((V10)))))))"
