"posterior","tree"
0.999999938192293,"I(((V7))&((((V12))&((V20)))))"
0.988909961142991,"I(V37)"
