"posterior","tree"
0.999999999999997,"I(V37)"
0.999999999999917,"I(((((V30))&((V10))))&((V17)))"
0.999999999999917,"I(((((V17))&((V30))))&((V4)))"
0.999999999999917,"I(((((V7))&((V12))))&((V20)))"
0.999999999999917,"I(((V2))&((V9)))"
0.99999999074971,"I(((((V30))&((V17)))))"
