"posterior","tree"
0.999999999999999,"I(V37)"
0.999999999999998,"I(((((((V9))&((V2)))))))"
0.999999999999998,"I(((V12))&((((V7))&((V20)))))"
0.999999999999998,"I(((((V30))&((V17))))&((V10)))"
