"posterior","tree"
0.999999999999999,"I(V37)"
0.999999943133044,"I(((V9))&((V2)))"
0.999997959251657,"I(((((V12))&((((V7))&((V20)))))))"
