"posterior","tree"
0.999999996168416,"I(((V2))&((V9)))"
0.999999996168413,"I(((V7))&((((V20))&((V12)))))"
0.999999983499719,"I(V37)"
0.729951309567409,"I(((V4))&((((V10))&((V17)))))"
