"posterior","tree"
0.999999999999997,"I(V37)"
0.999994945657595,"I(((V9))&((V2)))"
0.999994742695484,"I(((V4))&((((V17))&((V30)))))"
0.999994742695484,"I(((V20))&((((V12))&((V7)))))"
0.9999946601839,"I(((V17))&((V10)))"
0.233765310594004,"I(V17)"
