"posterior","tree"
0.999999999287666,"I(V37)"
0.999996438841952,"I(((V2))&((V9)))"
0.99998883625737,"I(((((((V7))&((((V20))&((V12)))))))))"
0.983237921166554,"I(((V4))&((((V12))&((V10)))))"
