"posterior","tree"
0.999999999999988,"I(V37)"
0.999999999998875,"I(((V9))&((V2)))"
0.999999999997912,"I(((V7))&((((V12))&((V20)))))"
