"posterior","tree"
0.999999999999993,"I(((V2))&((V9)))"
0.999999896536219,"I(((V7))&((((V20))&((V12)))))"
0.999747313245718,"I(V37)"
