"posterior","tree"
0.999999999999997,"I(((V12))&((((V7))&((V20)))))"
0.999999999999997,"I(((((((V30))&((V17))))&((V4))))&((V10)))"
0.999999999999997,"I(V37)"
0.999999999999997,"I(((V9))&((V2)))"
