"posterior","tree"
0.999999999999998,"I(V37)"
0.999999999999998,"I(((V20))&((((V7))&((V12)))))"
0.999999999999998,"I(((V9))&((((V2)))))"
0.999999999999998,"I(((V4))&((((V17))&((((V10))&((V30)))))))"
