"posterior","tree"
0.999999091214289,"I(((V20))&((((V12))&((V7)))))"
0.999998986894933,"I(((V2))&((V9)))"
0.99998545106596,"I(V37)"
