"posterior","tree"
0.999999999999997,"I(((((V20))&((V7))))&((((V12))&((V20)))))"
0.999999999999997,"I(((V9))&((V2)))"
0.999999999999997,"I(((V4))&((((V30))&((V17)))))"
0.99999999999943,"I(V37)"
0.999999858301758,"I(V10)"
