"posterior","tree"
0.999999999999997,"I(V37)"
0.999999999999997,"I(((V2))&((V9)))"
0.999999999913093,"I(((((V30))))&((((((V10))&((V4))))&((V17)))))"
0.999999999913093,"I(((((V20))))&((((V7))&((V12)))))"
