"posterior","tree"
0.999999999999999,"I(V37)"
0.999999999999999,"I(((((V9))&((V2)))))"
0.999999999999999,"I(((V7))&((((V20))&((V12)))))"
0.999999999999999,"I(((((((((V30))&((V10))))&((V4))))&((V17)))))"
