"posterior","tree"
0.999999999999999,"I(V37)"
0.999999640185725,"I(((V2))&((V9)))"
0.999997655040151,"I(((V7))&((((V12))&((V20)))))"
