"posterior","tree"
0.999999999999997,"I(V37)"
0.999999999995691,"I(((((V7))&((V12))))&((((V12))&((V20)))))"
0.999999999995691,"I(((V2))&((V9)))"
0.999999999995691,"I(((((V30))&((((V4))&((V17))))))&((V10)))"
0.21400958532677,"I(V30)"
