"posterior","tree"
0.999998551696171,"I(((V2))&((V9)))"
0.999995379214297,"I(((V7))&((((V20))&((V12)))))"
0.994359840763348,"I(V37)"
