"posterior","tree"
0.999999999849256,"I(((V9))&((V2)))"
0.999993136198923,"I(((V12))&((((V20))&((V7)))))"
0.999970944373785,"I(V37)"
