"posterior","tree"
1,"I((V5)&((V9)))"
0.999999940636499,"I((V11)&((V8)))"
0.99999985647437,"I((V1)&((V4)))"
0.75189174562741,"I(((V1)&((V39)))&((V3)))"
0.550559533238833,"I((V2)&((V8)))"
0.23113997860004,"I(((V2)&((V8)))&((V48)))"
0.157167600164381,"I(V2)"
0.0724236286241373,"I(V17)"
