Orbital Period (days),Orbital Period Upper Unc. (days),Orbital Period Lower Unc. (days),Orbital Period Limit Flag,Orbit Semi-Major Axis (AU),Orbit Semi-Major Axis Upper Unc (AU),Orbit Semi-Major Axis Lower Unc (AU),Eccentricity,Inclination (deg),Inclination Upper Unc. (deg),Inclination Lower Unc. (deg),Planet Mass (Jupiter mass),Planet Mass or M*sin(i)Upper Unc. (Jupiter mass),Planet Radius (Jupiter radii),Planet Radius Upper Unc. (Jupiter radii),Planet Density (g/cm**3),Planet Density Upper Unc. (g/cm**3)
1.51087081,0.0000006,-0.0000006,0,0.01111,0.00034,-0.00034,0.081,89.65,0.22,-0.27,0.00267,0.00227,0.097,0.003,3.6,3.1
2.4218233,0.0000017,-0.0000017,0,0.01521,0.00047,-0.00047,0.083,89.67,0.17,-0.17,0.00434,0.00192,0.094,0.003,6.45,2.92
4.04961,0.000063,-0.000063,0,0.02144,0.00066,-0.00063,0.07,89.75,0.16,-0.16,0.00129,0.00085,0.069,0.003,4.9,3.3
6.099615,0.000011,-0.000011,0,0.02817,0.00083,-0.00087,0.085,89.86,0.1,-0.12,0.00195,0.00182,0.082,0.003,4.4,4.2
9.20669,0.000015,-0.000015,0,0.0371,0.0011,-0.0011,0.063,89.68,0.034,-0.034,0.00214,0.00057,0.093,0.003,3.3,0.94
12.35294,0.00012,-0.00012,0,0.0451,0.0014,-0.0014,0.061,89.71,0.025,-0.025,0.00422,0.00277,0.101,0.004,5.2,3.5
20,15,-6,0,0.063,0.027,-0.013,,89.8,0.1,-0.05,,,0.067,0.003,,
