"posterior","tree"
0.999999999999999,"I(V37)"
0.999999999999999,"I(((((((V17))&((V10))))&((V4))))&((V30)))"
0.999999999999999,"I(((V2))&((V9)))"
0.999999999999999,"I(((((V20))&((V7))))&((V12)))"
