"posterior","tree"
1,"I(((((((V10))&((V17))))&((V39))))&((((V4))&((V30)))))"
0.999999999999997,"I(V37)"
0.999999999999997,"I(((V9))&((V2)))"
0.999999999999997,"I(((((V7))&((V20))))&((V12)))"
0.999999997749447,"I(((V4))&((V30)))"
0.999999899387729,"I(((V10))&((V17)))"
0.519711637572964,"I(((((V10))&((V17))))&((V39)))"
