"posterior","tree"
0.999999999999997,"I(V37)"
0.999999999999997,"I(((V2))&((V9)))"
0.999999999988613,"I(((((V10))&((((V30))&((V17))))))&((V4)))"
0.999999999988613,"I(((((V12))&((V20))))&((V7)))"
