"posterior","tree"
0.999999999999997,"I(((V2))&((V9)))"
0.999999999999996,"I(V37)"
0.999999998806746,"I(((((V30))&((((V17))&((V10))))))&((V4)))"
0.999999998806746,"I(((V12))&((((V7))&((V20)))))"
