"posterior","tree"
0.999999999999997,"I(((V2))&((V9)))"
0.999999999999997,"I(V37)"
0.999999999999997,"I(((V12))&((((V20))&((V7)))))"
0.999999999970437,"I(((V10))&((((V4))&((((V17))&((V30)))))))"
