"posterior","tree"
0.999999999999999,"I(V37)"
0.999999999999999,"I(((V2))&((V9)))"
0.999999999999999,"I(((V7))&((((V20))&((V12)))))"
0.999999999999999,"I(((V17))&((((V4))&((((V30))&((V10)))))))"
