"posterior","tree"
0.999999999999998,"I(V37)"
0.999999995998412,"I(((V9))&((V2)))"
0.999999995559241,"I(((((V17))&((V30))))&((((V10))&((V17)))))"
0.999999995559241,"I(((((V20))&((V12))))&((((V7)))))"
0.999690150791021,"I(((V4))&((((((V10))&((V17))))&((V8)))))"
0.994054631001093,"I(V4)"
0.0552367569321056,"I(((((((V10))&((V17))))&((V8)))))"
