"posterior","tree"
0.999999999999998,"I(((V2))&((V9)))"
0.999999999999998,"I(V37)"
0.999999999999998,"I(((V10))&((((V30))&((((V4))&((V17)))))))"
0.999999999999998,"I(((V12))&((((V7))&((V20)))))"
