"posterior","tree"
0.999999999999999,"I(V37)"
0.999999999999968,"I(((V9))&((V2)))"
0.999999999999956,"I(((((V7))&((V12))))&((V20)))"
0.999999999999956,"I(((((V17))&((V4))))&((V10)))"
0.999999999999648,"I(V30)"
