"posterior","tree"
0.999999999999999,"I(V37)"
0.999999999999999,"I(((V7))&((((V12))&((V20)))))"
0.619434745402912,"I(V2)"
0.618653442762481,"I(V9)"
0.618425031156522,"I(((((V4))&((((V17))&((V30))))))&((V10)))"
0.618425031156522,"I(((((V9))&((V23))))&((V2)))"
0.618425031003761,"I(((V9))&((V23)))"
0.381574968843477,"I(((V30))&((V10)))"
0.381574968843477,"I(((((V30))&((V10))))&((V4)))"
0.381574968843477,"I(((V9))&((V2)))"
0.381574968843477,"I(((((V17))&((V30))))&((((V30))&((V10)))))"
