"posterior","tree"
0.999999999999999,"I(V37)"
0.999999999999999,"I(((V9))&((V2)))"
0.999999999999999,"I(((V30))&((((V10))&((((V17))&((V4)))))))"
0.999999999999999,"I(((V12))&((((V20))&((V7)))))"
