"posterior","tree"
1,"I(((((V4))&((V10))))&((V30)))"
0.999999999999997,"I(V37)"
0.999999999999997,"I(((V9))&((V2)))"
0.999999999999997,"I(((((((V4))&((V10))))&((V30))))|((V17)))"
0.999999999999997,"I(V17)"
0.999999999999997,"I(((((V7))&((V12))))&((((V20))&((V12)))))"
