"posterior","tree"
0.999999999999999,"I(V37)"
0.999999999999998,"I(((V2))&((V9)))"
0.999999990812449,"I(((V12))&((((V7))&((V20)))))"
0.999999990787012,"I(((((V10))&((V30))))&((((V4))&((V17)))))"
