"posterior","tree"
1,"I(((V2))&((V9)))"
0.999999999999998,"I(V37)"
0.999999999999998,"I(((((V12))&((V20))))&((V7)))"
0.999999999999998,"I(((V10))&((((((V30))&((V4))))&((V17)))))"
0.0632498015810496,"I(V17)"
