"posterior","tree"
0.999999999999996,"I(V37)"
0.999999999999996,"I(((V2))&((V9)))"
0.999999999999996,"I(((((((V30))&((V4))))&((V10))))&((V17)))"
0.999999999999996,"I(((V12))&((((V20))&((V7)))))"
