"posterior","tree"
0.999999999999998,"I(V37)"
0.999999999999998,"I(((((V7))&((V20))))&((V12)))"
0.999999999999998,"I(((((((V17))&((V10))))&((V4))))&((V30)))"
0.999999726981929,"I(((V2))&((V9)))"
