"posterior","tree"
0.999999999999762,"I(V37)"
0.999998266963047,"I(((V2))&((V9)))"
0.999982673606054,"I(((((V12))&((V7))))&((V20)))"
0.998166182614045,"I(((V17))&((V30)))"
0.998166174578766,"I(V4)"
