"posterior","tree"
0.999999999999998,"I(((V30))&((V17)))"
0.999999999999998,"I(((V30))&((((V10))&((V4)))))"
0.999999999999998,"I(V37)"
0.999999999999998,"I(((V12))&((((V7))&((V20)))))"
0.999999999999998,"I(((V9))&((V2)))"
0.999956091193593,"I(V30)"
